"C_HLEVEL"	"C_FULLNAME"	"C_NAME"	"C_SYNONYM_CD"	"C_VISUALATTRIBUTES"	"C_TOTALNUM"	"C_BASECODE"	"C_METADATAXML"	"C_FACTTABLECOLUMN"	"C_TABLENAME"	"C_COLUMNNAME"	"C_COLUMNDATATYPE"	"C_OPERATOR"	"C_DIMCODE"	"C_COMMENT"	"C_TOOLTIP"	"M_APPLIED_PATH"	"UPDATE_DATE"	"DOWNLOAD_DATE"	"IMPORT_DATE"	"SOURCESYSTEM_CD"	"VALUETYPE_CD"	"M_EXCLUSION_CD"	"C_PATH"	"C_SYMBOL"
2	"\ACT\Visit Details\Version\"	" V4.0_2020AB"	"N"	"LI "				"demographic_fact.concept_cd"	"concept_dimension"	"concept_path"	"T"	"LIKE"	"\ACT\Visit Details\Version\"		"Visit Details \ Version"	"@"	"2022-11-26"	"2022-11-26"	"2022-11-26"					
2	"\ACT\Visit Details\Age at visit\"	"Age at visit"	"N"	"CA "				"demographic_fact.concept_cd"	"concept_dimension"	"patient_num"	"T"	"IN"	"\ACT\Visit Details\Age at visit\"		"Visit Details \ Age at visit"	"@"	"2022-11-26"	"2022-11-26"	"2022-11-26"	"lcp5"				
3	"\ACT\Visit Details\Visit type\Non-Acute Institutional Stay\"	"Non-Acute Institutional Stay"	"N"	"LA "		"VISIT|TYPE:IS"		"visit_fact.concept_cd"	"concept_dimension"	"concept_path"	"T"	"LIKE"	"\ACT\Visit Details\Visit type\Non-Acute Institutional Stay\"		"Visit Details\Non-Acute Institutional Stay\"	"@"	"2022-11-26"	"2022-11-26"	"2022-11-26"					
3	"\ACT\Visit Details\Visit type\Observation Stay\"	"Observation Stay"	"N"	"LA "		"VISIT|TYPE:OS"		"visit_fact.concept_cd"	"concept_dimension"	"concept_path"	"T"	"LIKE"	"\ACT\Visit Details\Visit type\Observation Stay\"		"Visit Details\Observation Stay\"	"@"	"2022-11-26"	"2022-11-26"	"2022-11-26"					
3	"\ACT\Visit Details\Visit type\Institutional Professional Consult (permissible substitution)\"	"Institutional Professional Consult (permissible substitution)"	"N"	"LA "		"VISIT|TYPE:IC"		"visit_fact.concept_cd"	"concept_dimension"	"concept_path"	"T"	"LIKE"	"\ACT\Visit Details\Visit type\Institutional Professional Consult (permissible substitution)\"		"Visit Details\Institutional Professional Consult (permissible substitution)\"	"@"	"2022-11-26"	"2022-11-26"	"2022-11-26"					
3	"\ACT\Visit Details\Visit type\Other Ambulatory Visit\"	"Other Ambulatory Visit"	"N"	"LA "		"VISIT|TYPE:OA"		"visit_fact.concept_cd"	"concept_dimension"	"concept_path"	"T"	"LIKE"	"\ACT\Visit Details\Visit type\Other Ambulatory Visit\"		"Visit Details\Other Ambulatory Visit\"	"@"	"2022-11-26"	"2022-11-26"	"2022-11-26"					
3	"\ACT\Visit Details\Visit type\No information\"	"No information"	"N"	"LA "		"VISIT|TYPE:NI"		"visit_fact.concept_cd"	"concept_dimension"	"concept_path"	"T"	"LIKE"	"\ACT\Visit Details\Visit type\No information\"		"Visit Details\No information\"	"@"	"2022-11-26"	"2022-11-26"	"2022-11-26"					
3	"\ACT\Visit Details\Visit type\Other\"	"Other"	"N"	"LA "		"VISIT|TYPE:OT"		"visit_fact.concept_cd"	"concept_dimension"	"concept_path"	"T"	"LIKE"	"\ACT\Visit Details\Visit type\Other\"		"Visit Details\Other\"	"@"	"2022-11-26"	"2022-11-26"	"2022-11-26"					
1	"\ACT\Visit Details\"	"Visit Details"	"N"	"CA "	1223013			"demographic_fact.concept_cd"	"concept_dimension"	"concept_path"	"T"	"LIKE"	"\i2b2\Visit Details\"		"Visit Details"	"@"	"2022-11-26"	"2022-11-26"	"2022-11-26"					
2	"\ACT\Visit Details\Visit type\"	"Visit type"	"N"	"FA "	1223013			"visit_fact.concept_cd"	"concept_dimension"	"concept_path"	"T"	"LIKE"	"\ACT\Visit Details\Visit type\"		"Visit Details \ Visit type"	"@"	"2022-11-26"	"2022-11-26"	"2022-11-26"					
3	"\ACT\Visit Details\Visit type\Ambulatory Visit\"	"Ambulatory Visit"	"N"	"LA "	1127733	"VISIT|TYPE:AV"		"visit_fact.concept_cd"	"concept_dimension"	"concept_path"	"T"	"LIKE"	"\ACT\Visit Details\Visit type\Ambulatory Visit\"		"Visit Details\Visit type\Ambulatory Visit\"	"@"	"2022-11-26"	"2022-11-26"	"2022-11-26"					
3	"\ACT\Visit Details\Visit type\Emergency Department\"	"Emergency Department"	"N"	"LA "	403270	"VISIT|TYPE:ED"		"visit_fact.concept_cd"	"concept_dimension"	"concept_path"	"T"	"LIKE"	"\ACT\Visit Details\Visit type\Emergency Department\"		"Visit Details\Visit type\Emergency Department\"	"@"	"2022-11-26"	"2022-11-26"	"2022-11-26"					
3	"\ACT\Visit Details\Visit type\Emergency Department Admit to Inpatient Hospital Stay (permissible substitution)\"	"Emergency Department Admit to Inpatient Hospital Stay (permissible substitution)"	"N"	"LA "	120131	"VISIT|TYPE:EI"		"visit_fact.concept_cd"	"concept_dimension"	"concept_path"	"T"	"LIKE"	"\ACT\Visit Details\Visit type\Emergency Department Admit to Inpatient Hospital Stay (permissible substitution)\"		"Visit Details\Visit type\Emergency Department Admit to Inpatient Hospital Stay (permissible substitution)\"	"@"	"2022-11-26"	"2022-11-26"	"2022-11-26"					
3	"\ACT\Visit Details\Visit type\Inpatient Hospital Stay\"	"Inpatient Hospital Stay"	"N"	"LA "	257542	"VISIT|TYPE:IP"		"visit_fact.concept_cd"	"concept_dimension"	"concept_path"	"T"	"LIKE"	"\ACT\Visit Details\Visit type\Inpatient Hospital Stay\"		"Visit Details\Visit typeInpatient Hospital Stay\"	"@"	"2022-11-26"	"2022-11-26"	"2022-11-26"					
3	"\ACT\Visit Details\Visit type\Telehealth\"	"Telehealth"	"N"	"LA "	89848	"VISIT|TYPE:TH"		"visit_fact.concept_cd"	"concept_dimension"	"concept_path"	"T"	"LIKE"	"\ACT\Visit Details\Visit type\Telehealth\"		"Visit Details\Telehealth\"	"@"	"2022-11-26"	"2022-11-26"	"2022-11-26"					
3	"\ACT\Visit Details\Visit type\Unknown\"	"Unknown"	"N"	"LA "	18037	"VISIT|TYPE:UN"		"visit_fact.concept_cd"	"concept_dimension"	"concept_path"	"T"	"LIKE"	"\ACT\Visit Details\Visit type\Unknown\"		"Visit Details\Unknown\"	"@"	"2022-11-26"	"2022-11-26"	"2022-11-26"					
2	"\ACT\Visit Details\Length of stay\"	"Length of stay"	"N"	"FA "	1212802			"visit_fact.concept_cd"	"concept_dimension"	"concept_path"	"T"	"LIKE"	"\ACT\Visit Details\Length of stay\"		"Visit Details \ Length of stay"	"@"	"2022-11-26"	"2022-11-26"	"2022-11-26"					
3	"\ACT\Visit Details\Length of stay\ > 10 days\"	"> 10 days"	"N"	"LA "	124559	"VISIT|LENGTH:>10"		"visit_fact.concept_cd"	"concept_dimension"	"concept_path"	"T"	"LIKE"	"\ACT\Visit Details\Length of stay\ > 10 days\"		"Visit Details \ Length of stay \ > 10 days"	"@"	"2022-11-26"	"2022-11-26"	"2022-11-26"					
3	"\ACT\Visit Details\Length of stay\0 days\"	"0 day"	"N"	"LA "	1171577	"VISIT|LENGTH:0"		"visit_fact.concept_cd"	"concept_dimension"	"concept_path"	"T"	"LIKE"	"\ACT\Visit Details\Length of stay\0 days\"		"Visit Details \ Length of stay \ 0 day"	"@"	"2022-11-26"	"2022-11-26"	"2022-11-26"					
3	"\ACT\Visit Details\Length of stay\1 day\"	"1 day"	"N"	"LA "	314774	"VISIT|LENGTH:1"		"visit_fact.concept_cd"	"concept_dimension"	"concept_path"	"T"	"LIKE"	"\ACT\Visit Details\Length of stay\1 day\"		"Visit Details \ Length of stay \ 1 day"	"@"	"2022-11-26"	"2022-11-26"	"2022-11-26"					
3	"\ACT\Visit Details\Length of stay\10 days\"	"10 days"	"N"	"LA "	14128	"VISIT|LENGTH:10"		"visit_fact.concept_cd"	"concept_dimension"	"concept_path"	"T"	"LIKE"	"\ACT\Visit Details\Length of stay\10 days\"		"Visit Details \ Length of stay \ 10 days"	"@"	"2022-11-26"	"2022-11-26"	"2022-11-26"					
3	"\ACT\Visit Details\Length of stay\2 days\"	"2 days"	"N"	"LA "	122041	"VISIT|LENGTH:2"		"visit_fact.concept_cd"	"concept_dimension"	"concept_path"	"T"	"LIKE"	"\ACT\Visit Details\Length of stay\2 days\"		"Visit Details \ Length of stay \ 2 days"	"@"	"2022-11-26"	"2022-11-26"	"2022-11-26"					
3	"\ACT\Visit Details\Length of stay\3 days\"	"3 days"	"N"	"LA "	83188	"VISIT|LENGTH:3"		"visit_fact.concept_cd"	"concept_dimension"	"concept_path"	"T"	"LIKE"	"\ACT\Visit Details\Length of stay\3 days\"		"Visit Details \ Length of stay \ 3 days"	"@"	"2022-11-26"	"2022-11-26"	"2022-11-26"					
3	"\ACT\Visit Details\Length of stay\4 days\"	"4 days"	"N"	"LA "	56342	"VISIT|LENGTH:4"		"visit_fact.concept_cd"	"concept_dimension"	"concept_path"	"T"	"LIKE"	"\ACT\Visit Details\Length of stay\4 days\"		"Visit Details \ Length of stay \ 4 days"	"@"	"2022-11-26"	"2022-11-26"	"2022-11-26"					
3	"\ACT\Visit Details\Length of stay\5 days\"	"5 days"	"N"	"LA "	74800	"VISIT|LENGTH:5"		"visit_fact.concept_cd"	"concept_dimension"	"concept_path"	"T"	"LIKE"	"\ACT\Visit Details\Length of stay\5 days\"		"Visit Details \ Length of stay \ 5 days"	"@"	"2022-11-26"	"2022-11-26"	"2022-11-26"					
3	"\ACT\Visit Details\Length of stay\6 days\"	"6 days"	"N"	"LA "	41205	"VISIT|LENGTH:6"		"visit_fact.concept_cd"	"concept_dimension"	"concept_path"	"T"	"LIKE"	"\ACT\Visit Details\Length of stay\6 days\"		"Visit Details \ Length of stay \ 6 days"	"@"	"2022-11-26"	"2022-11-26"	"2022-11-26"					
3	"\ACT\Visit Details\Length of stay\7 days\"	"7 days"	"N"	"LA "	25535	"VISIT|LENGTH:7"		"visit_fact.concept_cd"	"concept_dimension"	"concept_path"	"T"	"LIKE"	"\ACT\Visit Details\Length of stay\7 days\"		"Visit Details \ Length of stay \ 7 days"	"@"	"2022-11-26"	"2022-11-26"	"2022-11-26"					
3	"\ACT\Visit Details\Length of stay\8 days\"	"8 days"	"N"	"LA "	19242	"VISIT|LENGTH:8"		"visit_fact.concept_cd"	"concept_dimension"	"concept_path"	"T"	"LIKE"	"\ACT\Visit Details\Length of stay\8 days\"		"Visit Details \ Length of stay \ 8 days"	"@"	"2022-11-26"	"2022-11-26"	"2022-11-26"					
3	"\ACT\Visit Details\Length of stay\9 days\"	"9 days"	"N"	"LA "	15405	"VISIT|LENGTH:9"		"visit_fact.concept_cd"	"concept_dimension"	"concept_path"	"T"	"LIKE"	"\ACT\Visit Details\Length of stay\9 days\"		"Visit Details \ Length of stay \ 9 days"	"@"	"2022-11-26"	"2022-11-26"	"2022-11-26"					
5	"\ACT\Visit Details\Age at visit\0-9 years old\0 years old\04 months\"	"Visit at age 04 months"	"N"	"LA "	28781	"DEM|AGE:0.4"		"encounter_num"	"visit_dimension"	"start_date"	"N"	"BETWEEN"	"(select min(birth_date) + (INTERVAL '4 months') from PATIENT_DIMENSION where patient_num =VISIT_DIMENSION.PATIENT_NUM) AND (select min(birth_date) + (INTERVAL '5 months')  - (INTERVAL '1 day') from PATIENT_DIMENSION where patient_num =VISIT_DIMENSION.PATIENT_NUM)"		"Visit Details \ Age at visit \ \ 04 months \"	"@"	"2022-11-26"	"2022-11-26"	"2022-11-26"					
5	"\ACT\Visit Details\Age at visit\0-9 years old\0 years old\05 months\"	"Visit at age 05 months"	"N"	"LA "	19446	"DEM|AGE:0.5"		"encounter_num"	"visit_dimension"	"start_date"	"N"	"BETWEEN"	"(select min(birth_date) + (INTERVAL '5 months') from PATIENT_DIMENSION where patient_num =VISIT_DIMENSION.PATIENT_NUM) AND (select min(birth_date) + (INTERVAL '6 months')  - (INTERVAL '1 day') from PATIENT_DIMENSION where patient_num =VISIT_DIMENSION.PATIENT_NUM)"		"Visit Details \ Age at visit \ \ 05 months \"	"@"	"2022-11-26"	"2022-11-26"	"2022-11-26"					
5	"\ACT\Visit Details\Age at visit\0-9 years old\0 years old\06 months\"	"Visit at age 06 months"	"N"	"LA "	28539	"DEM|AGE:0.6"		"encounter_num"	"visit_dimension"	"start_date"	"N"	"BETWEEN"	"(select min(birth_date) + (INTERVAL '6 months') from PATIENT_DIMENSION where patient_num =VISIT_DIMENSION.PATIENT_NUM) AND (select min(birth_date) + (INTERVAL '7 months')  - (INTERVAL '1 day') from PATIENT_DIMENSION where patient_num =VISIT_DIMENSION.PATIENT_NUM)"		"Visit Details \ Age at visit \ \ 06 months \"	"@"	"2022-11-26"	"2022-11-26"	"2022-11-26"					
5	"\ACT\Visit Details\Age at visit\0-9 years old\0 years old\07 months\"	"Visit at age 07 months"	"N"	"LA "	21823	"DEM|AGE:0.7"		"encounter_num"	"visit_dimension"	"start_date"	"N"	"BETWEEN"	"(select min(birth_date) + (INTERVAL '7 months') from PATIENT_DIMENSION where patient_num =VISIT_DIMENSION.PATIENT_NUM) AND (select min(birth_date) + (INTERVAL '8 months')  - (INTERVAL '1 day') from PATIENT_DIMENSION where patient_num =VISIT_DIMENSION.PATIENT_NUM)"		"Visit Details \ Age at visit \ \ 07 months \"	"@"	"2022-11-26"	"2022-11-26"	"2022-11-26"					
5	"\ACT\Visit Details\Age at visit\0-9 years old\0 years old\08 months\"	"Visit at age 08 months"	"N"	"LA "	19341	"DEM|AGE:0.8"		"encounter_num"	"visit_dimension"	"start_date"	"N"	"BETWEEN"	"(select min(birth_date) + (INTERVAL '8 months') from PATIENT_DIMENSION where patient_num =VISIT_DIMENSION.PATIENT_NUM) AND (select min(birth_date) + (INTERVAL '9 months')  - (INTERVAL '1 day') from PATIENT_DIMENSION where patient_num =VISIT_DIMENSION.PATIENT_NUM)"		"Visit Details \ Age at visit \ \ 08 months \"	"@"	"2022-11-26"	"2022-11-26"	"2022-11-26"					
5	"\ACT\Visit Details\Age at visit\0-9 years old\0 years old\09 months\"	"Visit at age 09 months"	"N"	"LA "	26469	"DEM|AGE:0.9"		"encounter_num"	"visit_dimension"	"start_date"	"N"	"BETWEEN"	"(select min(birth_date) + (INTERVAL '9 months') from PATIENT_DIMENSION where patient_num =VISIT_DIMENSION.PATIENT_NUM) AND (select min(birth_date) + (INTERVAL '10 months')  - (INTERVAL '1 day') from PATIENT_DIMENSION where patient_num =VISIT_DIMENSION.PATIENT_NUM)"		"Visit Details \ Age at visit \ \ 09 months \"	"@"	"2022-11-26"	"2022-11-26"	"2022-11-26"					
5	"\ACT\Visit Details\Age at visit\0-9 years old\0 years old\10 months\"	"Visit at age 10 months"	"N"	"LA "	19702	"DEM|AGE:0.10"		"encounter_num"	"visit_dimension"	"start_date"	"N"	"BETWEEN"	"(select min(birth_date) + (INTERVAL '10 months') from PATIENT_DIMENSION where patient_num =VISIT_DIMENSION.PATIENT_NUM) AND (select min(birth_date) + (INTERVAL '11 months')  - (INTERVAL '1 day') from PATIENT_DIMENSION where patient_num =VISIT_DIMENSION.PATIENT_NUM)"		"Visit Details \ Age at visit \ \ 10 months \"	"@"	"2022-11-26"	"2022-11-26"	"2022-11-26"					
5	"\ACT\Visit Details\Age at visit\0-9 years old\0 years old\11 months\"	"Visit at age 11 months"	"N"	"LA "	17267	"DEM|AGE:0.11"		"encounter_num"	"visit_dimension"	"start_date"	"N"	"BETWEEN"	"(select min(birth_date) + (INTERVAL '11 months') from PATIENT_DIMENSION where patient_num =VISIT_DIMENSION.PATIENT_NUM) AND (select min(birth_date) + (INTERVAL '12 months')  - (INTERVAL '1 day') from PATIENT_DIMENSION where patient_num =VISIT_DIMENSION.PATIENT_NUM)"		"Visit Details \ Age at visit \ \ 11 months \"	"@"	"2022-11-26"	"2022-11-26"	"2022-11-26"					
5	"\ACT\Visit Details\Age at visit\0-9 years old\0 years old\12 months\"	"Visit at age 12 months"	"N"	"LA "	28042	"DEM|AGE:0.12"		"encounter_num"	"visit_dimension"	"start_date"	"N"	"BETWEEN"	"(select min(birth_date) + (INTERVAL '12 months') from PATIENT_DIMENSION where patient_num =VISIT_DIMENSION.PATIENT_NUM) AND (select min(birth_date) + (INTERVAL '13 months')  - (INTERVAL '1 day') from PATIENT_DIMENSION where patient_num =VISIT_DIMENSION.PATIENT_NUM)"		"Visit Details \ Age at visit \ \ 12 months \"	"@"	"2022-11-26"	"2022-11-26"	"2022-11-26"					
4	"\ACT\Visit Details\Age at visit\0-9 years old\1 years old\"	"Visit at age 1 year old"	"N"	"FA "	69598	" "		"encounter_num"	"visit_dimension"	"start_date"	"N"	"BETWEEN"	"(select min(birth_date) + (INTERVAL '1 years') from PATIENT_DIMENSION where patient_num =VISIT_DIMENSION.PATIENT_NUM) AND (select min(birth_date) + (INTERVAL '2 years')  - (INTERVAL '1 day') from PATIENT_DIMENSION where patient_num =VISIT_DIMENSION.PATIENT_NUM)"		"Demographics \ Age \ 0-9 years old \ 1 year old"	"@"	"2022-11-26"	"2022-11-26"	"2022-11-26"					
5	"\ACT\Visit Details\Age at visit\0-9 years old\1 years old\13 months\"	"Visit at age 13 months"	"N"	"LA "	18748	"DEM|AGE:1.1"		"encounter_num"	"visit_dimension"	"start_date"	"N"	"BETWEEN"	"(select min(birth_date) + (INTERVAL '13 months') from PATIENT_DIMENSION where patient_num =VISIT_DIMENSION.PATIENT_NUM) AND (select min(birth_date) + (INTERVAL '14 months')  - (INTERVAL '1 day') from PATIENT_DIMENSION where patient_num =VISIT_DIMENSION.PATIENT_NUM)"		"Visit Details \ Age at visit \ \ 01 months \"	"@"	"2022-11-26"	"2022-11-26"	"2022-11-26"					
5	"\ACT\Visit Details\Age at visit\0-9 years old\1 years old\14 months\"	"Visit at age 14 months"	"N"	"LA "	16703	"DEM|AGE:1.2"		"encounter_num"	"visit_dimension"	"start_date"	"N"	"BETWEEN"	"(select min(birth_date) + (INTERVAL '14 months') from PATIENT_DIMENSION where patient_num =VISIT_DIMENSION.PATIENT_NUM) AND (select min(birth_date) + (INTERVAL '15 months')  - (INTERVAL '1 day') from PATIENT_DIMENSION where patient_num =VISIT_DIMENSION.PATIENT_NUM)"		"Visit Details \ Age at visit \ \ 02 months \"	"@"	"2022-11-26"	"2022-11-26"	"2022-11-26"					
5	"\ACT\Visit Details\Age at visit\0-9 years old\1 years old\15 months\"	"Visit at age 15 months"	"N"	"LA "	23614	"DEM|AGE:1.3"		"encounter_num"	"visit_dimension"	"start_date"	"N"	"BETWEEN"	"(select min(birth_date) + (INTERVAL '15 months') from PATIENT_DIMENSION where patient_num =VISIT_DIMENSION.PATIENT_NUM) AND (select min(birth_date) + (INTERVAL '16 months')  - (INTERVAL '1 day') from PATIENT_DIMENSION where patient_num =VISIT_DIMENSION.PATIENT_NUM)"		"Visit Details \ Age at visit \ \ 03 months \"	"@"	"2022-11-26"	"2022-11-26"	"2022-11-26"					
4	"\ACT\Visit Details\Age at visit\18-34 years old\24 years old\"	"Visit at age 24 years old"	"N"	"LA "	68006	"DEM|AGE:24"		"encounter_num"	"visit_dimension"	"start_date"	"N"	"BETWEEN"	"(select min(birth_date) + (INTERVAL '24 years') from PATIENT_DIMENSION where patient_num =VISIT_DIMENSION.PATIENT_NUM) AND (select min(birth_date) + (INTERVAL '25 years')  - (INTERVAL '1 day') from PATIENT_DIMENSION where patient_num =VISIT_DIMENSION.PATIENT_NUM)"		"Visit Details \ Age at visit \ 18-34 years old \ 24 years old"	"@"	"2022-11-26"	"2022-11-26"	"2022-11-26"	"lcp5"				
4	"\ACT\Visit Details\Age at visit\18-34 years old\25 years old\"	"Visit at age 25 years old"	"N"	"LA "	65012	"DEM|AGE:25"		"encounter_num"	"visit_dimension"	"start_date"	"N"	"BETWEEN"	"(select min(birth_date) + (INTERVAL '25 years') from PATIENT_DIMENSION where patient_num =VISIT_DIMENSION.PATIENT_NUM) AND (select min(birth_date) + (INTERVAL '26 years')  - (INTERVAL '1 day') from PATIENT_DIMENSION where patient_num =VISIT_DIMENSION.PATIENT_NUM)"		"Visit Details \ Age at visit \ 18-34 years old \ 25 years old"	"@"	"2022-11-26"	"2022-11-26"	"2022-11-26"	"lcp5"				
4	"\ACT\Visit Details\Age at visit\18-34 years old\26 years old\"	"Visit at age 26 years old"	"N"	"LA "	61757	"DEM|AGE:26"		"encounter_num"	"visit_dimension"	"start_date"	"N"	"BETWEEN"	"(select min(birth_date) + (INTERVAL '26 years') from PATIENT_DIMENSION where patient_num =VISIT_DIMENSION.PATIENT_NUM) AND (select min(birth_date) + (INTERVAL '27 years')  - (INTERVAL '1 day') from PATIENT_DIMENSION where patient_num =VISIT_DIMENSION.PATIENT_NUM)"		"Visit Details \ Age at visit \ 18-34 years old \ 26 years old"	"@"	"2022-11-26"	"2022-11-26"	"2022-11-26"	"lcp5"				
4	"\ACT\Visit Details\Age at visit\18-34 years old\32 years old\"	"Visit at age 32 years old"	"N"	"LA "	56774	"DEM|AGE:32"		"encounter_num"	"visit_dimension"	"start_date"	"N"	"BETWEEN"	"(select min(birth_date) + (INTERVAL '32 years') from PATIENT_DIMENSION where patient_num =VISIT_DIMENSION.PATIENT_NUM) AND (select min(birth_date) + (INTERVAL '33 years')  - (INTERVAL '1 day') from PATIENT_DIMENSION where patient_num =VISIT_DIMENSION.PATIENT_NUM)"		"Visit Details \ Age at visit \ 18-34 years old \ 32 years old"	"@"	"2022-11-26"	"2022-11-26"	"2022-11-26"	"lcp5"				
4	"\ACT\Visit Details\Age at visit\18-34 years old\33 years old\"	"Visit at age 33 years old"	"N"	"LA "	55561	"DEM|AGE:33"		"encounter_num"	"visit_dimension"	"start_date"	"N"	"BETWEEN"	"(select min(birth_date) + (INTERVAL '33 years') from PATIENT_DIMENSION where patient_num =VISIT_DIMENSION.PATIENT_NUM) AND (select min(birth_date) + (INTERVAL '34 years')  - (INTERVAL '1 day') from PATIENT_DIMENSION where patient_num =VISIT_DIMENSION.PATIENT_NUM)"		"Visit Details \ Age at visit \ 18-34 years old \ 33 years old"	"@"	"2022-11-26"	"2022-11-26"	"2022-11-26"	"lcp5"				
4	"\ACT\Visit Details\Age at visit\18-34 years old\34 years old\"	"Visit at age 34 years old"	"N"	"LA "	55007	"DEM|AGE:34"		"encounter_num"	"visit_dimension"	"start_date"	"N"	"BETWEEN"	"(select min(birth_date) + (INTERVAL '34 years') from PATIENT_DIMENSION where patient_num =VISIT_DIMENSION.PATIENT_NUM) AND (select min(birth_date) + (INTERVAL '35 years')  - (INTERVAL '1 day') from PATIENT_DIMENSION where patient_num =VISIT_DIMENSION.PATIENT_NUM)"		"Visit Details \ Age at visit \ 18-34 years old \ 34 years old"	"@"	"2022-11-26"	"2022-11-26"	"2022-11-26"	"lcp5"				
3	"\ACT\Visit Details\Age at visit\35-44 years old\"	"Visit at ages 35-44 years old"	"N"	"FA "	220675			"encounter_num"	"visit_dimension"	"start_date"	"N"	"BETWEEN"	"(select min(birth_date) + (INTERVAL '35 years') from PATIENT_DIMENSION where patient_num =VISIT_DIMENSION.PATIENT_NUM) AND (select min(birth_date) + (INTERVAL '45 years')  - (INTERVAL '1 day') from PATIENT_DIMENSION where patient_num =VISIT_DIMENSION.PATIENT_NUM)"		"Visit Details \ Age at visit \ 35-44 years old"	"@"	"2022-11-26"	"2022-11-26"	"2022-11-26"	"lcp5"				
4	"\ACT\Visit Details\Age at visit\35-44 years old\35 years old\"	"Visit at age 35 years old"	"N"	"LA "	55486	"DEM|AGE:35"		"encounter_num"	"visit_dimension"	"start_date"	"N"	"BETWEEN"	"(select min(birth_date) + (INTERVAL '35 years') from PATIENT_DIMENSION where patient_num =VISIT_DIMENSION.PATIENT_NUM) AND (select min(birth_date) + (INTERVAL '36 years')  - (INTERVAL '1 day') from PATIENT_DIMENSION where patient_num =VISIT_DIMENSION.PATIENT_NUM)"		"Visit Details \ Age at visit \ 35-44 years old \ 35 years old"	"@"	"2022-11-26"	"2022-11-26"	"2022-11-26"	"lcp5"				
4	"\ACT\Visit Details\Age at visit\35-44 years old\36 years old\"	"Visit at age 36 years old"	"N"	"LA "	55250	"DEM|AGE:36"		"encounter_num"	"visit_dimension"	"start_date"	"N"	"BETWEEN"	"(select min(birth_date) + (INTERVAL '36 years') from PATIENT_DIMENSION where patient_num =VISIT_DIMENSION.PATIENT_NUM) AND (select min(birth_date) + (INTERVAL '37 years')  - (INTERVAL '1 day') from PATIENT_DIMENSION where patient_num =VISIT_DIMENSION.PATIENT_NUM)"		"Visit Details \ Age at visit \ 35-44 years old \ 36 years old"	"@"	"2022-11-26"	"2022-11-26"	"2022-11-26"	"lcp5"				
4	"\ACT\Visit Details\Age at visit\35-44 years old\37 years old\"	"Visit at age 37 years old"	"N"	"LA "	55215	"DEM|AGE:37"		"encounter_num"	"visit_dimension"	"start_date"	"N"	"BETWEEN"	"(select min(birth_date) + (INTERVAL '37 years') from PATIENT_DIMENSION where patient_num =VISIT_DIMENSION.PATIENT_NUM) AND (select min(birth_date) + (INTERVAL '38 years')  - (INTERVAL '1 day') from PATIENT_DIMENSION where patient_num =VISIT_DIMENSION.PATIENT_NUM)"		"Visit Details \ Age at visit \ 35-44 years old \ 37 years old"	"@"	"2022-11-26"	"2022-11-26"	"2022-11-26"	"lcp5"				
4	"\ACT\Visit Details\Age at visit\35-44 years old\38 years old\"	"Visit at age 38 years old"	"N"	"LA "	55912	"DEM|AGE:38"		"encounter_num"	"visit_dimension"	"start_date"	"N"	"BETWEEN"	"(select min(birth_date) + (INTERVAL '38 years') from PATIENT_DIMENSION where patient_num =VISIT_DIMENSION.PATIENT_NUM) AND (select min(birth_date) + (INTERVAL '39 years')  - (INTERVAL '1 day') from PATIENT_DIMENSION where patient_num =VISIT_DIMENSION.PATIENT_NUM)"		"Visit Details \ Age at visit \ 35-44 years old \ 38 years old"	"@"	"2022-11-26"	"2022-11-26"	"2022-11-26"	"lcp5"				
4	"\ACT\Visit Details\Age at visit\35-44 years old\39 years old\"	"Visit at age 39 years old"	"N"	"LA "	56128	"DEM|AGE:39"		"encounter_num"	"visit_dimension"	"start_date"	"N"	"BETWEEN"	"(select min(birth_date) + (INTERVAL '39 years') from PATIENT_DIMENSION where patient_num =VISIT_DIMENSION.PATIENT_NUM) AND (select min(birth_date) + (INTERVAL '40 years')  - (INTERVAL '1 day') from PATIENT_DIMENSION where patient_num =VISIT_DIMENSION.PATIENT_NUM)"		"Visit Details \ Age at visit \ 35-44 years old \ 39 years old"	"@"	"2022-11-26"	"2022-11-26"	"2022-11-26"	"lcp5"				
4	"\ACT\Visit Details\Age at visit\35-44 years old\40 years old\"	"Visit at age 40 years old"	"N"	"LA "	57839	"DEM|AGE:40"		"encounter_num"	"visit_dimension"	"start_date"	"N"	"BETWEEN"	"(select min(birth_date) + (INTERVAL '40 years') from PATIENT_DIMENSION where patient_num =VISIT_DIMENSION.PATIENT_NUM) AND (select min(birth_date) + (INTERVAL '41 years')  - (INTERVAL '1 day') from PATIENT_DIMENSION where patient_num =VISIT_DIMENSION.PATIENT_NUM)"		"Visit Details \ Age at visit \ 35-44 years old \ 40 years old"	"@"	"2022-11-26"	"2022-11-26"	"2022-11-26"	"lcp5"				
4	"\ACT\Visit Details\Age at visit\35-44 years old\41 years old\"	"Visit at age 41 years old"	"N"	"LA "	57388	"DEM|AGE:41"		"encounter_num"	"visit_dimension"	"start_date"	"N"	"BETWEEN"	"(select min(birth_date) + (INTERVAL '41 years') from PATIENT_DIMENSION where patient_num =VISIT_DIMENSION.PATIENT_NUM) AND (select min(birth_date) + (INTERVAL '42 years')  - (INTERVAL '1 day') from PATIENT_DIMENSION where patient_num =VISIT_DIMENSION.PATIENT_NUM)"		"Visit Details \ Age at visit \ 35-44 years old \ 41 years old"	"@"	"2022-11-26"	"2022-11-26"	"2022-11-26"	"lcp5"				
4	"\ACT\Visit Details\Age at visit\35-44 years old\42 years old\"	"Visit at age 42 years old"	"N"	"LA "	57762	"DEM|AGE:42"		"encounter_num"	"visit_dimension"	"start_date"	"N"	"BETWEEN"	"(select min(birth_date) + (INTERVAL '42 years') from PATIENT_DIMENSION where patient_num =VISIT_DIMENSION.PATIENT_NUM) AND (select min(birth_date) + (INTERVAL '43 years')  - (INTERVAL '1 day') from PATIENT_DIMENSION where patient_num =VISIT_DIMENSION.PATIENT_NUM)"		"Visit Details \ Age at visit \ 35-44 years old \ 42 years old"	"@"	"2022-11-26"	"2022-11-26"	"2022-11-26"	"lcp5"				
4	"\ACT\Visit Details\Age at visit\35-44 years old\43 years old\"	"Visit at age 43 years old"	"N"	"LA "	57667	"DEM|AGE:43"		"encounter_num"	"visit_dimension"	"start_date"	"N"	"BETWEEN"	"(select min(birth_date) + (INTERVAL '43 years') from PATIENT_DIMENSION where patient_num =VISIT_DIMENSION.PATIENT_NUM) AND (select min(birth_date) + (INTERVAL '44 years')  - (INTERVAL '1 day') from PATIENT_DIMENSION where patient_num =VISIT_DIMENSION.PATIENT_NUM)"		"Visit Details \ Age at visit \ 35-44 years old \ 43 years old"	"@"	"2022-11-26"	"2022-11-26"	"2022-11-26"	"lcp5"				
4	"\ACT\Visit Details\Age at visit\35-44 years old\44 years old\"	"Visit at age 44 years old"	"N"	"LA "	57729	"DEM|AGE:44"		"encounter_num"	"visit_dimension"	"start_date"	"N"	"BETWEEN"	"(select min(birth_date) + (INTERVAL '44 years') from PATIENT_DIMENSION where patient_num =VISIT_DIMENSION.PATIENT_NUM) AND (select min(birth_date) + (INTERVAL '45 years')  - (INTERVAL '1 day') from PATIENT_DIMENSION where patient_num =VISIT_DIMENSION.PATIENT_NUM)"		"Visit Details \ Age at visit \ 35-44 years old \ 44 years old"	"@"	"2022-11-26"	"2022-11-26"	"2022-11-26"	"lcp5"				
3	"\ACT\Visit Details\Age at visit\45-54 years old\"	"Visit at ages 45-54 years old"	"N"	"FA "	217649			"encounter_num"	"visit_dimension"	"start_date"	"N"	"BETWEEN"	"(select min(birth_date) + (INTERVAL '45 years') from PATIENT_DIMENSION where patient_num =VISIT_DIMENSION.PATIENT_NUM) AND (select min(birth_date) + (INTERVAL '55 years')  - (INTERVAL '1 day') from PATIENT_DIMENSION where patient_num =VISIT_DIMENSION.PATIENT_NUM)"		"Visit Details \ Age at visit \ 45-54 years old"	"@"	"2022-11-26"	"2022-11-26"	"2022-11-26"	"lcp5"				
4	"\ACT\Visit Details\Age at visit\45-54 years old\45 years old\"	"Visit at age 45 years old"	"N"	"LA "	58348	"DEM|AGE:45"		"encounter_num"	"visit_dimension"	"start_date"	"N"	"BETWEEN"	"(select min(birth_date) + (INTERVAL '45 years') from PATIENT_DIMENSION where patient_num =VISIT_DIMENSION.PATIENT_NUM) AND (select min(birth_date) + (INTERVAL '46 years')  - (INTERVAL '1 day') from PATIENT_DIMENSION where patient_num =VISIT_DIMENSION.PATIENT_NUM)"		"Visit Details \ Age at visit \ 45-54 years old \ 45 years old"	"@"	"2022-11-26"	"2022-11-26"	"2022-11-26"	"lcp5"				
3	"\ACT\Visit Details\Age at visit\85-89 years old\"	"Visit at ages 85-89 years old"	"N"	"FA "	31465	" "		"encounter_num"	"visit_dimension"	"start_date"	"N"	"BETWEEN"	"(select min(birth_date) + (INTERVAL '85 years') from PATIENT_DIMENSION where patient_num =VISIT_DIMENSION.PATIENT_NUM) AND (select min(birth_date) + (INTERVAL '90 years')  - (INTERVAL '1 day') from PATIENT_DIMENSION where patient_num =VISIT_DIMENSION.PATIENT_NUM)"		"Demographics \ Age \ 85-89 years old"	"@"	"2022-11-26"	"2022-11-26"	"2022-11-26"					
4	"\ACT\Visit Details\Age at visit\85-89 years old\85 years old\"	"Visit at ages 85 years old"	"N"	"LA "	16020	"DEM|AGE:85"		"encounter_num"	"visit_dimension"	"start_date"	"N"	"BETWEEN"	"(select min(birth_date) + (INTERVAL '85 years') from PATIENT_DIMENSION where patient_num =VISIT_DIMENSION.PATIENT_NUM) AND (select min(birth_date) + (INTERVAL '86 years')  - (INTERVAL '1 day') from PATIENT_DIMENSION where patient_num =VISIT_DIMENSION.PATIENT_NUM)"		"Demographics\Age\85-89 years old\85 years old"	"@"	"2022-11-26"	"2022-11-26"	"2022-11-26"					
4	"\ACT\Visit Details\Age at visit\85-89 years old\86 years old\"	"Visit at ages 86 years old"	"N"	"LA "	14403	"DEM|AGE:86"		"encounter_num"	"visit_dimension"	"start_date"	"N"	"BETWEEN"	"(select min(birth_date) + (INTERVAL '86 years') from PATIENT_DIMENSION where patient_num =VISIT_DIMENSION.PATIENT_NUM) AND (select min(birth_date) + (INTERVAL '87 years')  - (INTERVAL '1 day') from PATIENT_DIMENSION where patient_num =VISIT_DIMENSION.PATIENT_NUM)"		"Demographics\Age\85-89 years old\86 years old"	"@"	"2022-11-26"	"2022-11-26"	"2022-11-26"					
4	"\ACT\Visit Details\Age at visit\85-89 years old\87 years old\"	"Visit at ages 87 years old"	"N"	"LA "	12687	"DEM|AGE:87"		"encounter_num"	"visit_dimension"	"start_date"	"N"	"BETWEEN"	"(select min(birth_date) + (INTERVAL '87 years') from PATIENT_DIMENSION where patient_num =VISIT_DIMENSION.PATIENT_NUM) AND (select min(birth_date) + (INTERVAL '88 years')  - (INTERVAL '1 day') from PATIENT_DIMENSION where patient_num =VISIT_DIMENSION.PATIENT_NUM)"		"Demographics\Age\85-89 years old\87 years old"	"@"	"2022-11-26"	"2022-11-26"	"2022-11-26"					
4	"\ACT\Visit Details\Age at visit\85-89 years old\88 years old\"	"Visit at ages 88 years old"	"N"	"LA "	11140	"DEM|AGE:88"		"encounter_num"	"visit_dimension"	"start_date"	"N"	"BETWEEN"	"(select min(birth_date) + (INTERVAL '88 years') from PATIENT_DIMENSION where patient_num =VISIT_DIMENSION.PATIENT_NUM) AND (select min(birth_date) + (INTERVAL '89 years')  - (INTERVAL '1 day') from PATIENT_DIMENSION where patient_num =VISIT_DIMENSION.PATIENT_NUM)"		"Demographics\Age\85-89 years old\88 years old"	"@"	"2022-11-26"	"2022-11-26"	"2022-11-26"					
4	"\ACT\Visit Details\Age at visit\85-89 years old\89 years old\"	"Visit at ages 89 years old"	"N"	"LA "	9555	"DEM|AGE:89"		"encounter_num"	"visit_dimension"	"start_date"	"N"	"BETWEEN"	"(select min(birth_date) + (INTERVAL '89 years') from PATIENT_DIMENSION where patient_num =VISIT_DIMENSION.PATIENT_NUM) AND (select min(birth_date) + (INTERVAL '90 years')  - (INTERVAL '1 day') from PATIENT_DIMENSION where patient_num =VISIT_DIMENSION.PATIENT_NUM)"		"Demographics\Age\85-89 years old\89 years old"	"@"	"2022-11-26"	"2022-11-26"	"2022-11-26"					
3	"\ACT\Visit Details\Age at visit\>= 65 years old\"	"Visit at ages >= 65 years old"	"N"	"LA "	223430	" "		"encounter_num"	"visit_dimension"	"start_date"	"N"	">="	"(select min(birth_date) + (INTERVAL '65 years') from PATIENT_DIMENSION where patient_num =VISIT_DIMENSION.PATIENT_NUM)"		"Demographics \ Age \ >= 65 years old"	"@"	"2022-11-26"	"2022-11-26"	"2022-11-26"					
3	"\ACT\Visit Details\Age at visit\>= 85 years old\"	"Visit at ages >= 85 years old"	"N"	"LA "	42271	" "		"encounter_num"	"visit_dimension"	"start_date"	"N"	">="	"(select min(birth_date) + (INTERVAL '85 years') from PATIENT_DIMENSION where patient_num =VISIT_DIMENSION.PATIENT_NUM)"		"Demographics \ Age \ >= 85 years old"	"@"	"2022-11-26"	"2022-11-26"	"2022-11-26"					
3	"\ACT\Visit Details\Age at visit\>= 90 years old\"	"Visit at ages >= 90 years old"	"N"	"LA "	20105	" "		"encounter_num"	"visit_dimension"	"start_date"	"N"	">="	"(select min(birth_date) + (INTERVAL '90 years') from PATIENT_DIMENSION where patient_num =VISIT_DIMENSION.PATIENT_NUM)"		"Demographics \ Age \ >= 90 years old"	"@"	"2022-11-26"	"2022-11-26"	"2022-11-26"					
4	"\ACT\Visit Details\Age at visit\55-64 years old\59 years old\"	"Visit at age 59 years old"	"N"	"LA "	61409	"DEM|AGE:59"		"encounter_num"	"visit_dimension"	"start_date"	"N"	"BETWEEN"	"(select min(birth_date) + (INTERVAL '59 years') from PATIENT_DIMENSION where patient_num =VISIT_DIMENSION.PATIENT_NUM) AND (select min(birth_date) + (INTERVAL '60 years')  - (INTERVAL '1 day') from PATIENT_DIMENSION where patient_num =VISIT_DIMENSION.PATIENT_NUM)"		"Visit Details \ Age at visit \ 55-64 years old \ 59 years old"	"@"	"2022-11-26"	"2022-11-26"	"2022-11-26"	"lcp5"				
4	"\ACT\Visit Details\Age at visit\55-64 years old\60 years old\"	"Visit at age 60 years old"	"N"	"LA "	60476	"DEM|AGE:60"		"encounter_num"	"visit_dimension"	"start_date"	"N"	"BETWEEN"	"(select min(birth_date) + (INTERVAL '60 years') from PATIENT_DIMENSION where patient_num =VISIT_DIMENSION.PATIENT_NUM) AND (select min(birth_date) + (INTERVAL '61 years')  - (INTERVAL '1 day') from PATIENT_DIMENSION where patient_num =VISIT_DIMENSION.PATIENT_NUM)"		"Visit Details \ Age at visit \ 55-64 years old \ 60 years old"	"@"	"2022-11-26"	"2022-11-26"	"2022-11-26"	"lcp5"				
4	"\ACT\Visit Details\Age at visit\55-64 years old\61 years old\"	"Visit at age 61 years old"	"N"	"LA "	59257	"DEM|AGE:61"		"encounter_num"	"visit_dimension"	"start_date"	"N"	"BETWEEN"	"(select min(birth_date) + (INTERVAL '61 years') from PATIENT_DIMENSION where patient_num =VISIT_DIMENSION.PATIENT_NUM) AND (select min(birth_date) + (INTERVAL '62 years')  - (INTERVAL '1 day') from PATIENT_DIMENSION where patient_num =VISIT_DIMENSION.PATIENT_NUM)"		"Visit Details \ Age at visit \ 55-64 years old \ 61 years old"	"@"	"2022-11-26"	"2022-11-26"	"2022-11-26"	"lcp5"				
4	"\ACT\Visit Details\Age at visit\55-64 years old\62 years old\"	"Visit at age 62 years old"	"N"	"LA "	57822	"DEM|AGE:62"		"encounter_num"	"visit_dimension"	"start_date"	"N"	"BETWEEN"	"(select min(birth_date) + (INTERVAL '62 years') from PATIENT_DIMENSION where patient_num =VISIT_DIMENSION.PATIENT_NUM) AND (select min(birth_date) + (INTERVAL '63 years')  - (INTERVAL '1 day') from PATIENT_DIMENSION where patient_num =VISIT_DIMENSION.PATIENT_NUM)"		"Visit Details \ Age at visit \ 55-64 years old \ 62 years old"	"@"	"2022-11-26"	"2022-11-26"	"2022-11-26"	"lcp5"				
4	"\ACT\Visit Details\Age at visit\55-64 years old\63 years old\"	"Visit at age 63 years old"	"N"	"LA "	56294	"DEM|AGE:63"		"encounter_num"	"visit_dimension"	"start_date"	"N"	"BETWEEN"	"(select min(birth_date) + (INTERVAL '63 years') from PATIENT_DIMENSION where patient_num =VISIT_DIMENSION.PATIENT_NUM) AND (select min(birth_date) + (INTERVAL '64 years')  - (INTERVAL '1 day') from PATIENT_DIMENSION where patient_num =VISIT_DIMENSION.PATIENT_NUM)"		"Visit Details \ Age at visit \ 55-64 years old \ 63 years old"	"@"	"2022-11-26"	"2022-11-26"	"2022-11-26"	"lcp5"				
4	"\ACT\Visit Details\Age at visit\55-64 years old\64 years old\"	"Visit at age 64 years old"	"N"	"LA "	54012	"DEM|AGE:64"		"encounter_num"	"visit_dimension"	"start_date"	"N"	"BETWEEN"	"(select min(birth_date) + (INTERVAL '64 years') from PATIENT_DIMENSION where patient_num =VISIT_DIMENSION.PATIENT_NUM) AND (select min(birth_date) + (INTERVAL '65 years')  - (INTERVAL '1 day') from PATIENT_DIMENSION where patient_num =VISIT_DIMENSION.PATIENT_NUM)"		"Visit Details \ Age at visit \ 55-64 years old \ 64 years old"	"@"	"2022-11-26"	"2022-11-26"	"2022-11-26"	"lcp5"				
3	"\ACT\Visit Details\Age at visit\65-74 years old\"	"Visit at ages 65-74 years old"	"N"	"FA "	156435			"encounter_num"	"visit_dimension"	"start_date"	"N"	"BETWEEN"	"(select min(birth_date) + (INTERVAL '65 years') from PATIENT_DIMENSION where patient_num =VISIT_DIMENSION.PATIENT_NUM) AND (select min(birth_date) + (INTERVAL '75 years')  - (INTERVAL '1 day') from PATIENT_DIMENSION where patient_num =VISIT_DIMENSION.PATIENT_NUM)"		"Visit Details \ Age at visit \ 65-74 years old"	"@"	"2022-11-26"	"2022-11-26"	"2022-11-26"	"lcp5"				
4	"\ACT\Visit Details\Age at visit\65-74 years old\65 years old\"	"Visit at age 65 years old"	"N"	"LA "	54612	"DEM|AGE:65"		"encounter_num"	"visit_dimension"	"start_date"	"N"	"BETWEEN"	"(select min(birth_date) + (INTERVAL '65 years') from PATIENT_DIMENSION where patient_num =VISIT_DIMENSION.PATIENT_NUM) AND (select min(birth_date) + (INTERVAL '66 years')  - (INTERVAL '1 day') from PATIENT_DIMENSION where patient_num =VISIT_DIMENSION.PATIENT_NUM)"		"Visit Details \ Age at visit \ 65-74 years old \ 65 years old"	"@"	"2022-11-26"	"2022-11-26"	"2022-11-26"	"lcp5"				
4	"\ACT\Visit Details\Age at visit\65-74 years old\66 years old\"	"Visit at age 66 years old"	"N"	"LA "	52359	"DEM|AGE:66"		"encounter_num"	"visit_dimension"	"start_date"	"N"	"BETWEEN"	"(select min(birth_date) + (INTERVAL '66 years') from PATIENT_DIMENSION where patient_num =VISIT_DIMENSION.PATIENT_NUM) AND (select min(birth_date) + (INTERVAL '67 years')  - (INTERVAL '1 day') from PATIENT_DIMENSION where patient_num =VISIT_DIMENSION.PATIENT_NUM)"		"Visit Details \ Age at visit \ 65-74 years old \ 66 years old"	"@"	"2022-11-26"	"2022-11-26"	"2022-11-26"	"lcp5"				
4	"\ACT\Visit Details\Age at visit\65-74 years old\67 years old\"	"Visit at age 67 years old"	"N"	"LA "	50480	"DEM|AGE:67"		"encounter_num"	"visit_dimension"	"start_date"	"N"	"BETWEEN"	"(select min(birth_date) + (INTERVAL '67 years') from PATIENT_DIMENSION where patient_num =VISIT_DIMENSION.PATIENT_NUM) AND (select min(birth_date) + (INTERVAL '68 years')  - (INTERVAL '1 day') from PATIENT_DIMENSION where patient_num =VISIT_DIMENSION.PATIENT_NUM)"		"Visit Details \ Age at visit \ 65-74 years old \ 67 years old"	"@"	"2022-11-26"	"2022-11-26"	"2022-11-26"	"lcp5"				
4	"\ACT\Visit Details\Age at visit\65-74 years old\68 years old\"	"Visit at age 68 years old"	"N"	"LA "	49097	"DEM|AGE:68"		"encounter_num"	"visit_dimension"	"start_date"	"N"	"BETWEEN"	"(select min(birth_date) + (INTERVAL '68 years') from PATIENT_DIMENSION where patient_num =VISIT_DIMENSION.PATIENT_NUM) AND (select min(birth_date) + (INTERVAL '69 years')  - (INTERVAL '1 day') from PATIENT_DIMENSION where patient_num =VISIT_DIMENSION.PATIENT_NUM)"		"Visit Details \ Age at visit \ 65-74 years old \ 68 years old"	"@"	"2022-11-26"	"2022-11-26"	"2022-11-26"	"lcp5"				
4	"\ACT\Visit Details\Age at visit\65-74 years old\69 years old\"	"Visit at age 69 years old"	"N"	"LA "	47168	"DEM|AGE:69"		"encounter_num"	"visit_dimension"	"start_date"	"N"	"BETWEEN"	"(select min(birth_date) + (INTERVAL '69 years') from PATIENT_DIMENSION where patient_num =VISIT_DIMENSION.PATIENT_NUM) AND (select min(birth_date) + (INTERVAL '70 years')  - (INTERVAL '1 day') from PATIENT_DIMENSION where patient_num =VISIT_DIMENSION.PATIENT_NUM)"		"Visit Details \ Age at visit \ 65-74 years old \ 69 years old"	"@"	"2022-11-26"	"2022-11-26"	"2022-11-26"	"lcp5"				
4	"\ACT\Visit Details\Age at visit\65-74 years old\70 years old\"	"Visit at age 70 years old"	"N"	"LA "	45219	"DEM|AGE:70"		"encounter_num"	"visit_dimension"	"start_date"	"N"	"BETWEEN"	"(select min(birth_date) + (INTERVAL '70 years') from PATIENT_DIMENSION where patient_num =VISIT_DIMENSION.PATIENT_NUM) AND (select min(birth_date) + (INTERVAL '71 years')  - (INTERVAL '1 day') from PATIENT_DIMENSION where patient_num =VISIT_DIMENSION.PATIENT_NUM)"		"Visit Details \ Age at visit \ 65-74 years old \ 70 years old"	"@"	"2022-11-26"	"2022-11-26"	"2022-11-26"	"lcp5"				
4	"\ACT\Visit Details\Age at visit\65-74 years old\71 years old\"	"Visit at age 71 years old"	"N"	"LA "	43137	"DEM|AGE:71"		"encounter_num"	"visit_dimension"	"start_date"	"N"	"BETWEEN"	"(select min(birth_date) + (INTERVAL '71 years') from PATIENT_DIMENSION where patient_num =VISIT_DIMENSION.PATIENT_NUM) AND (select min(birth_date) + (INTERVAL '72 years')  - (INTERVAL '1 day') from PATIENT_DIMENSION where patient_num =VISIT_DIMENSION.PATIENT_NUM)"		"Visit Details \ Age at visit \ 65-74 years old \ 71 years old"	"@"	"2022-11-26"	"2022-11-26"	"2022-11-26"	"lcp5"				
4	"\ACT\Visit Details\Age at visit\65-74 years old\72 years old\"	"Visit at age 72 years old"	"N"	"LA "	40947	"DEM|AGE:72"		"encounter_num"	"visit_dimension"	"start_date"	"N"	"BETWEEN"	"(select min(birth_date) + (INTERVAL '72 years') from PATIENT_DIMENSION where patient_num =VISIT_DIMENSION.PATIENT_NUM) AND (select min(birth_date) + (INTERVAL '73 years')  - (INTERVAL '1 day') from PATIENT_DIMENSION where patient_num =VISIT_DIMENSION.PATIENT_NUM)"		"Visit Details \ Age at visit \ 65-74 years old \ 72 years old"	"@"	"2022-11-26"	"2022-11-26"	"2022-11-26"	"lcp5"				
4	"\ACT\Visit Details\Age at visit\65-74 years old\73 years old\"	"Visit at age 73 years old"	"N"	"LA "	38943	"DEM|AGE:73"		"encounter_num"	"visit_dimension"	"start_date"	"N"	"BETWEEN"	"(select min(birth_date) + (INTERVAL '73 years') from PATIENT_DIMENSION where patient_num =VISIT_DIMENSION.PATIENT_NUM) AND (select min(birth_date) + (INTERVAL '74 years')  - (INTERVAL '1 day') from PATIENT_DIMENSION where patient_num =VISIT_DIMENSION.PATIENT_NUM)"		"Visit Details \ Age at visit \ 65-74 years old \ 73 years old"	"@"	"2022-11-26"	"2022-11-26"	"2022-11-26"	"lcp5"				
4	"\ACT\Visit Details\Age at visit\0-9 years old\8 years old\"	"Visit at age 8 years old"	"N"	"LA "	49427	"DEM|AGE:8"		"encounter_num"	"visit_dimension"	"start_date"	"N"	"BETWEEN"	"(select min(birth_date) + (INTERVAL '8 years') from PATIENT_DIMENSION where patient_num =VISIT_DIMENSION.PATIENT_NUM) AND (select min(birth_date) + (INTERVAL '9 years')  - (INTERVAL '1 day') from PATIENT_DIMENSION where patient_num =VISIT_DIMENSION.PATIENT_NUM)"		"Visit Details \ Age at visit \ 0-9 years old \ 8 years old"	"@"	"2022-11-26"	"2022-11-26"	"2022-11-26"	"lcp5"				
4	"\ACT\Visit Details\Age at visit\0-9 years old\9 years old\"	"Visit at age 9 years old"	"N"	"LA "	48769	"DEM|AGE:9"		"encounter_num"	"visit_dimension"	"start_date"	"N"	"BETWEEN"	"(select min(birth_date) + (INTERVAL '9 years') from PATIENT_DIMENSION where patient_num =VISIT_DIMENSION.PATIENT_NUM) AND (select min(birth_date) + (INTERVAL '10 years')  - (INTERVAL '1 day') from PATIENT_DIMENSION where patient_num =VISIT_DIMENSION.PATIENT_NUM)"		"Visit Details \ Age at visit \ 0-9 years old \ 9 years old"	"@"	"2022-11-26"	"2022-11-26"	"2022-11-26"	"lcp5"				
3	"\ACT\Visit Details\Age at visit\10-17 years old\"	"Visit at ages 10-17 years old"	"N"	"FA "	174337			"encounter_num"	"visit_dimension"	"start_date"	"N"	"BETWEEN"	"(select min(birth_date) + (INTERVAL '10 years') from PATIENT_DIMENSION where patient_num =VISIT_DIMENSION.PATIENT_NUM) AND (select min(birth_date) + (INTERVAL '18 years')  - (INTERVAL '1 day') from PATIENT_DIMENSION where patient_num =VISIT_DIMENSION.PATIENT_NUM)"		"Visit Details \ Age at visit \ 10-17 years old"	"@"	"2022-11-26"	"2022-11-26"	"2022-11-26"	"lcp5"				
4	"\ACT\Visit Details\Age at visit\10-17 years old\10 years old\"	"Visit at age 10 years old"	"N"	"LA "	48529	"DEM|AGE:10"		"encounter_num"	"visit_dimension"	"start_date"	"N"	"BETWEEN"	"(select min(birth_date) + (INTERVAL '10 years') from PATIENT_DIMENSION where patient_num =VISIT_DIMENSION.PATIENT_NUM) AND (select min(birth_date) + (INTERVAL '11 years')  - (INTERVAL '1 day') from PATIENT_DIMENSION where patient_num =VISIT_DIMENSION.PATIENT_NUM)"		"Visit Details \ Age at visit \ 10-17 years old \ 10 years old"	"@"	"2022-11-26"	"2022-11-26"	"2022-11-26"	"lcp5"				
4	"\ACT\Visit Details\Age at visit\10-17 years old\11 years old\"	"Visit at age 11 years old"	"N"	"LA "	49023	"DEM|AGE:11"		"encounter_num"	"visit_dimension"	"start_date"	"N"	"BETWEEN"	"(select min(birth_date) + (INTERVAL '11 years') from PATIENT_DIMENSION where patient_num =VISIT_DIMENSION.PATIENT_NUM) AND (select min(birth_date) + (INTERVAL '12 years')  - (INTERVAL '1 day') from PATIENT_DIMENSION where patient_num =VISIT_DIMENSION.PATIENT_NUM)"		"Visit Details \ Age at visit \ 10-17 years old \ 11 years old"	"@"	"2022-11-26"	"2022-11-26"	"2022-11-26"	"lcp5"				
4	"\ACT\Visit Details\Age at visit\10-17 years old\12 years old\"	"Visit at age 12 years old"	"N"	"LA "	51235	"DEM|AGE:12"		"encounter_num"	"visit_dimension"	"start_date"	"N"	"BETWEEN"	"(select min(birth_date) + (INTERVAL '12 years') from PATIENT_DIMENSION where patient_num =VISIT_DIMENSION.PATIENT_NUM) AND (select min(birth_date) + (INTERVAL '13 years')  - (INTERVAL '1 day') from PATIENT_DIMENSION where patient_num =VISIT_DIMENSION.PATIENT_NUM)"		"Visit Details \ Age at visit \ 10-17 years old \ 12 years old"	"@"	"2022-11-26"	"2022-11-26"	"2022-11-26"	"lcp5"				
4	"\ACT\Visit Details\Age at visit\45-54 years old\46 years old\"	"Visit at age 46 years old"	"N"	"LA "	59672	"DEM|AGE:46"		"encounter_num"	"visit_dimension"	"start_date"	"N"	"BETWEEN"	"(select min(birth_date) + (INTERVAL '46 years') from PATIENT_DIMENSION where patient_num =VISIT_DIMENSION.PATIENT_NUM) AND (select min(birth_date) + (INTERVAL '47 years')  - (INTERVAL '1 day') from PATIENT_DIMENSION where patient_num =VISIT_DIMENSION.PATIENT_NUM)"		"Visit Details \ Age at visit \ 45-54 years old \ 46 years old"	"@"	"2022-11-26"	"2022-11-26"	"2022-11-26"	"lcp5"				
4	"\ACT\Visit Details\Age at visit\45-54 years old\47 years old\"	"Visit at age 47 years old"	"N"	"LA "	60033	"DEM|AGE:47"		"encounter_num"	"visit_dimension"	"start_date"	"N"	"BETWEEN"	"(select min(birth_date) + (INTERVAL '47 years') from PATIENT_DIMENSION where patient_num =VISIT_DIMENSION.PATIENT_NUM) AND (select min(birth_date) + (INTERVAL '48 years')  - (INTERVAL '1 day') from PATIENT_DIMENSION where patient_num =VISIT_DIMENSION.PATIENT_NUM)"		"Visit Details \ Age at visit \ 45-54 years old \ 47 years old"	"@"	"2022-11-26"	"2022-11-26"	"2022-11-26"	"lcp5"				
4	"\ACT\Visit Details\Age at visit\45-54 years old\48 years old\"	"Visit at age 48 years old"	"N"	"LA "	60813	"DEM|AGE:48"		"encounter_num"	"visit_dimension"	"start_date"	"N"	"BETWEEN"	"(select min(birth_date) + (INTERVAL '48 years') from PATIENT_DIMENSION where patient_num =VISIT_DIMENSION.PATIENT_NUM) AND (select min(birth_date) + (INTERVAL '49 years')  - (INTERVAL '1 day') from PATIENT_DIMENSION where patient_num =VISIT_DIMENSION.PATIENT_NUM)"		"Visit Details \ Age at visit \ 45-54 years old \ 48 years old"	"@"	"2022-11-26"	"2022-11-26"	"2022-11-26"	"lcp5"				
4	"\ACT\Visit Details\Age at visit\45-54 years old\49 years old\"	"Visit at age 49 years old"	"N"	"LA "	61244	"DEM|AGE:49"		"encounter_num"	"visit_dimension"	"start_date"	"N"	"BETWEEN"	"(select min(birth_date) + (INTERVAL '49 years') from PATIENT_DIMENSION where patient_num =VISIT_DIMENSION.PATIENT_NUM) AND (select min(birth_date) + (INTERVAL '50 years')  - (INTERVAL '1 day') from PATIENT_DIMENSION where patient_num =VISIT_DIMENSION.PATIENT_NUM)"		"Visit Details \ Age at visit \ 45-54 years old \ 49 years old"	"@"	"2022-11-26"	"2022-11-26"	"2022-11-26"	"lcp5"				
4	"\ACT\Visit Details\Age at visit\45-54 years old\50 years old\"	"Visit at age 50 years old"	"N"	"LA "	62995	"DEM|AGE:50"		"encounter_num"	"visit_dimension"	"start_date"	"N"	"BETWEEN"	"(select min(birth_date) + (INTERVAL '50 years') from PATIENT_DIMENSION where patient_num =VISIT_DIMENSION.PATIENT_NUM) AND (select min(birth_date) + (INTERVAL '51 years')  - (INTERVAL '1 day') from PATIENT_DIMENSION where patient_num =VISIT_DIMENSION.PATIENT_NUM)"		"Visit Details \ Age at visit \ 45-54 years old \ 50 years old"	"@"	"2022-11-26"	"2022-11-26"	"2022-11-26"	"lcp5"				
4	"\ACT\Visit Details\Age at visit\45-54 years old\51 years old\"	"Visit at age 51 years old"	"N"	"LA "	63188	"DEM|AGE:51"		"encounter_num"	"visit_dimension"	"start_date"	"N"	"BETWEEN"	"(select min(birth_date) + (INTERVAL '51 years') from PATIENT_DIMENSION where patient_num =VISIT_DIMENSION.PATIENT_NUM) AND (select min(birth_date) + (INTERVAL '52 years')  - (INTERVAL '1 day') from PATIENT_DIMENSION where patient_num =VISIT_DIMENSION.PATIENT_NUM)"		"Visit Details \ Age at visit \ 45-54 years old \ 51 years old"	"@"	"2022-11-26"	"2022-11-26"	"2022-11-26"	"lcp5"				
4	"\ACT\Visit Details\Age at visit\45-54 years old\52 years old\"	"Visit at age 52 years old"	"N"	"LA "	63266	"DEM|AGE:52"		"encounter_num"	"visit_dimension"	"start_date"	"N"	"BETWEEN"	"(select min(birth_date) + (INTERVAL '52 years') from PATIENT_DIMENSION where patient_num =VISIT_DIMENSION.PATIENT_NUM) AND (select min(birth_date) + (INTERVAL '53 years')  - (INTERVAL '1 day') from PATIENT_DIMENSION where patient_num =VISIT_DIMENSION.PATIENT_NUM)"		"Visit Details \ Age at visit \ 45-54 years old \ 52 years old"	"@"	"2022-11-26"	"2022-11-26"	"2022-11-26"	"lcp5"				
4	"\ACT\Visit Details\Age at visit\45-54 years old\53 years old\"	"Visit at age 53 years old"	"N"	"LA "	63300	"DEM|AGE:53"		"encounter_num"	"visit_dimension"	"start_date"	"N"	"BETWEEN"	"(select min(birth_date) + (INTERVAL '53 years') from PATIENT_DIMENSION where patient_num =VISIT_DIMENSION.PATIENT_NUM) AND (select min(birth_date) + (INTERVAL '54 years')  - (INTERVAL '1 day') from PATIENT_DIMENSION where patient_num =VISIT_DIMENSION.PATIENT_NUM)"		"Visit Details \ Age at visit \ 45-54 years old \ 53 years old"	"@"	"2022-11-26"	"2022-11-26"	"2022-11-26"	"lcp5"				
4	"\ACT\Visit Details\Age at visit\45-54 years old\54 years old\"	"Visit at age 54 years old"	"N"	"LA "	63041	"DEM|AGE:54"		"encounter_num"	"visit_dimension"	"start_date"	"N"	"BETWEEN"	"(select min(birth_date) + (INTERVAL '54 years') from PATIENT_DIMENSION where patient_num =VISIT_DIMENSION.PATIENT_NUM) AND (select min(birth_date) + (INTERVAL '55 years')  - (INTERVAL '1 day') from PATIENT_DIMENSION where patient_num =VISIT_DIMENSION.PATIENT_NUM)"		"Visit Details \ Age at visit \ 45-54 years old \ 54 years old"	"@"	"2022-11-26"	"2022-11-26"	"2022-11-26"	"lcp5"				
3	"\ACT\Visit Details\Age at visit\55-64 years old\"	"Visit at ages 55-64 years old"	"N"	"FA "	203559			"encounter_num"	"visit_dimension"	"start_date"	"N"	"BETWEEN"	"(select min(birth_date) + (INTERVAL '55 years') from PATIENT_DIMENSION where patient_num =VISIT_DIMENSION.PATIENT_NUM) AND (select min(birth_date) + (INTERVAL '65 years')  - (INTERVAL '1 day') from PATIENT_DIMENSION where patient_num =VISIT_DIMENSION.PATIENT_NUM)"		"Visit Details \ Age at visit \ 55-64 years old"	"@"	"2022-11-26"	"2022-11-26"	"2022-11-26"	"lcp5"				
4	"\ACT\Visit Details\Age at visit\55-64 years old\55 years old\"	"Visit at age 55 years old"	"N"	"LA "	63148	"DEM|AGE:55"		"encounter_num"	"visit_dimension"	"start_date"	"N"	"BETWEEN"	"(select min(birth_date) + (INTERVAL '55 years') from PATIENT_DIMENSION where patient_num =VISIT_DIMENSION.PATIENT_NUM) AND (select min(birth_date) + (INTERVAL '56 years')  - (INTERVAL '1 day') from PATIENT_DIMENSION where patient_num =VISIT_DIMENSION.PATIENT_NUM)"		"Visit Details \ Age at visit \ 55-64 years old \ 55 years old"	"@"	"2022-11-26"	"2022-11-26"	"2022-11-26"	"lcp5"				
4	"\ACT\Visit Details\Age at visit\55-64 years old\56 years old\"	"Visit at age 56 years old"	"N"	"LA "	62447	"DEM|AGE:56"		"encounter_num"	"visit_dimension"	"start_date"	"N"	"BETWEEN"	"(select min(birth_date) + (INTERVAL '56 years') from PATIENT_DIMENSION where patient_num =VISIT_DIMENSION.PATIENT_NUM) AND (select min(birth_date) + (INTERVAL '57 years')  - (INTERVAL '1 day') from PATIENT_DIMENSION where patient_num =VISIT_DIMENSION.PATIENT_NUM)"		"Visit Details \ Age at visit \ 55-64 years old \ 56 years old"	"@"	"2022-11-26"	"2022-11-26"	"2022-11-26"	"lcp5"				
4	"\ACT\Visit Details\Age at visit\55-64 years old\57 years old\"	"Visit at age 57 years old"	"N"	"LA "	62220	"DEM|AGE:57"		"encounter_num"	"visit_dimension"	"start_date"	"N"	"BETWEEN"	"(select min(birth_date) + (INTERVAL '57 years') from PATIENT_DIMENSION where patient_num =VISIT_DIMENSION.PATIENT_NUM) AND (select min(birth_date) + (INTERVAL '58 years')  - (INTERVAL '1 day') from PATIENT_DIMENSION where patient_num =VISIT_DIMENSION.PATIENT_NUM)"		"Visit Details \ Age at visit \ 55-64 years old \ 57 years old"	"@"	"2022-11-26"	"2022-11-26"	"2022-11-26"	"lcp5"				
4	"\ACT\Visit Details\Age at visit\55-64 years old\58 years old\"	"Visit at age 58 years old"	"N"	"LA "	61944	"DEM|AGE:58"		"encounter_num"	"visit_dimension"	"start_date"	"N"	"BETWEEN"	"(select min(birth_date) + (INTERVAL '58 years') from PATIENT_DIMENSION where patient_num =VISIT_DIMENSION.PATIENT_NUM) AND (select min(birth_date) + (INTERVAL '59 years')  - (INTERVAL '1 day') from PATIENT_DIMENSION where patient_num =VISIT_DIMENSION.PATIENT_NUM)"		"Visit Details \ Age at visit \ 55-64 years old \ 58 years old"	"@"	"2022-11-26"	"2022-11-26"	"2022-11-26"	"lcp5"				
4	"\ACT\Visit Details\Age at visit\75-84 years old\84 years old\"	"Visit at age 84 years old"	"N"	"LA "	17919	"DEM|AGE:84"		"encounter_num"	"visit_dimension"	"start_date"	"N"	"BETWEEN"	"(select min(birth_date) + (INTERVAL '84 years') from PATIENT_DIMENSION where patient_num =VISIT_DIMENSION.PATIENT_NUM) AND (select min(birth_date) + (INTERVAL '85 years')  - (INTERVAL '1 day') from PATIENT_DIMENSION where patient_num =VISIT_DIMENSION.PATIENT_NUM)"		"Visit Details \ Age at visit \ 75-84 years old \ 84 years old"	"@"	"2022-11-26"	"2022-11-26"	"2022-11-26"	"lcp5"				
4	"\ACT\Visit Details\Age at visit\10-17 years old\13 years old\"	"Visit at age 13 years old"	"N"	"LA "	53768	"DEM|AGE:13"		"encounter_num"	"visit_dimension"	"start_date"	"N"	"BETWEEN"	"(select min(birth_date) + (INTERVAL '13 years') from PATIENT_DIMENSION where patient_num =VISIT_DIMENSION.PATIENT_NUM) AND (select min(birth_date) + (INTERVAL '14 years')  - (INTERVAL '1 day') from PATIENT_DIMENSION where patient_num =VISIT_DIMENSION.PATIENT_NUM)"		"Visit Details \ Age at visit \ 10-17 years old \ 13 years old"	"@"	"2022-11-26"	"2022-11-26"	"2022-11-26"	"lcp5"				
4	"\ACT\Visit Details\Age at visit\10-17 years old\14 years old\"	"Visit at age 14 years old"	"N"	"LA "	55733	"DEM|AGE:14"		"encounter_num"	"visit_dimension"	"start_date"	"N"	"BETWEEN"	"(select min(birth_date) + (INTERVAL '14 years') from PATIENT_DIMENSION where patient_num =VISIT_DIMENSION.PATIENT_NUM) AND (select min(birth_date) + (INTERVAL '15 years')  - (INTERVAL '1 day') from PATIENT_DIMENSION where patient_num =VISIT_DIMENSION.PATIENT_NUM)"		"Visit Details \ Age at visit \ 10-17 years old \ 14 years old"	"@"	"2022-11-26"	"2022-11-26"	"2022-11-26"	"lcp5"				
4	"\ACT\Visit Details\Age at visit\10-17 years old\15 years old\"	"Visit at age 15 years old"	"N"	"LA "	57475	"DEM|AGE:15"		"encounter_num"	"visit_dimension"	"start_date"	"N"	"BETWEEN"	"(select min(birth_date) + (INTERVAL '15 years') from PATIENT_DIMENSION where patient_num =VISIT_DIMENSION.PATIENT_NUM) AND (select min(birth_date) + (INTERVAL '16 years')  - (INTERVAL '1 day') from PATIENT_DIMENSION where patient_num =VISIT_DIMENSION.PATIENT_NUM)"		"Visit Details \ Age at visit \ 10-17 years old \ 15 years old"	"@"	"2022-11-26"	"2022-11-26"	"2022-11-26"	"lcp5"				
4	"\ACT\Visit Details\Age at visit\10-17 years old\16 years old\"	"Visit at age 16 years old"	"N"	"LA "	59018	"DEM|AGE:16"		"encounter_num"	"visit_dimension"	"start_date"	"N"	"BETWEEN"	"(select min(birth_date) + (INTERVAL '16 years') from PATIENT_DIMENSION where patient_num =VISIT_DIMENSION.PATIENT_NUM) AND (select min(birth_date) + (INTERVAL '17 years')  - (INTERVAL '1 day') from PATIENT_DIMENSION where patient_num =VISIT_DIMENSION.PATIENT_NUM)"		"Visit Details \ Age at visit \ 10-17 years old \ 16 years old"	"@"	"2022-11-26"	"2022-11-26"	"2022-11-26"	"lcp5"				
4	"\ACT\Visit Details\Age at visit\10-17 years old\17 years old\"	"Visit at age 17 years old"	"N"	"LA "	60592	"DEM|AGE:17"		"encounter_num"	"visit_dimension"	"start_date"	"N"	"BETWEEN"	"(select min(birth_date) + (INTERVAL '17 years') from PATIENT_DIMENSION where patient_num =VISIT_DIMENSION.PATIENT_NUM) AND (select min(birth_date) + (INTERVAL '18 years')  - (INTERVAL '1 day') from PATIENT_DIMENSION where patient_num =VISIT_DIMENSION.PATIENT_NUM)"		"Visit Details \ Age at visit \ 10-17 years old \ 17 years old"	"@"	"2022-11-26"	"2022-11-26"	"2022-11-26"	"lcp5"				
3	"\ACT\Visit Details\Age at visit\18-34 years old\"	"Visit at ages 18-34 years old"	"N"	"FA "	465886			"encounter_num"	"visit_dimension"	"start_date"	"N"	"BETWEEN"	"(select min(birth_date) + (INTERVAL '18 years') from PATIENT_DIMENSION where patient_num =VISIT_DIMENSION.PATIENT_NUM) AND (select min(birth_date) + (INTERVAL '35 years')  - (INTERVAL '1 day') from PATIENT_DIMENSION where patient_num =VISIT_DIMENSION.PATIENT_NUM)"		"Visit Details \ Age at visit \ 18-34 years old"	"@"	"2022-11-26"	"2022-11-26"	"2022-11-26"	"lcp5"				
4	"\ACT\Visit Details\Age at visit\18-34 years old\18 years old\"	"Visit at age 18 years old"	"N"	"LA "	109386	"DEM|AGE:18"		"encounter_num"	"visit_dimension"	"start_date"	"N"	"BETWEEN"	"(select min(birth_date) + (INTERVAL '18 years') from PATIENT_DIMENSION where patient_num =VISIT_DIMENSION.PATIENT_NUM) AND (select min(birth_date) + (INTERVAL '19 years')  - (INTERVAL '1 day') from PATIENT_DIMENSION where patient_num =VISIT_DIMENSION.PATIENT_NUM)"		"Visit Details \ Age at visit \ 18-34 years old \ 18 years old"	"@"	"2022-11-26"	"2022-11-26"	"2022-11-26"	"lcp5"				
4	"\ACT\Visit Details\Age at visit\18-34 years old\19 years old\"	"Visit at age 19 years old"	"N"	"LA "	121041	"DEM|AGE:19"		"encounter_num"	"visit_dimension"	"start_date"	"N"	"BETWEEN"	"(select min(birth_date) + (INTERVAL '19 years') from PATIENT_DIMENSION where patient_num =VISIT_DIMENSION.PATIENT_NUM) AND (select min(birth_date) + (INTERVAL '20 years')  - (INTERVAL '1 day') from PATIENT_DIMENSION where patient_num =VISIT_DIMENSION.PATIENT_NUM)"		"Visit Details \ Age at visit \ 18-34 years old \ 19 years old"	"@"	"2022-11-26"	"2022-11-26"	"2022-11-26"	"lcp5"				
4	"\ACT\Visit Details\Age at visit\18-34 years old\20 years old\"	"Visit at age 20 years old"	"N"	"LA "	118710	"DEM|AGE:20"		"encounter_num"	"visit_dimension"	"start_date"	"N"	"BETWEEN"	"(select min(birth_date) + (INTERVAL '20 years') from PATIENT_DIMENSION where patient_num =VISIT_DIMENSION.PATIENT_NUM) AND (select min(birth_date) + (INTERVAL '21 years')  - (INTERVAL '1 day') from PATIENT_DIMENSION where patient_num =VISIT_DIMENSION.PATIENT_NUM)"		"Visit Details \ Age at visit \ 18-34 years old \ 20 years old"	"@"	"2022-11-26"	"2022-11-26"	"2022-11-26"	"lcp5"				
4	"\ACT\Visit Details\Age at visit\18-34 years old\21 years old\"	"Visit at age 21 years old"	"N"	"LA "	116729	"DEM|AGE:21"		"encounter_num"	"visit_dimension"	"start_date"	"N"	"BETWEEN"	"(select min(birth_date) + (INTERVAL '21 years') from PATIENT_DIMENSION where patient_num =VISIT_DIMENSION.PATIENT_NUM) AND (select min(birth_date) + (INTERVAL '22 years')  - (INTERVAL '1 day') from PATIENT_DIMENSION where patient_num =VISIT_DIMENSION.PATIENT_NUM)"		"Visit Details \ Age at visit \ 18-34 years old \ 21 years old"	"@"	"2022-11-26"	"2022-11-26"	"2022-11-26"	"lcp5"				
4	"\ACT\Visit Details\Age at visit\18-34 years old\22 years old\"	"Visit at age 22 years old"	"N"	"LA "	100612	"DEM|AGE:22"		"encounter_num"	"visit_dimension"	"start_date"	"N"	"BETWEEN"	"(select min(birth_date) + (INTERVAL '22 years') from PATIENT_DIMENSION where patient_num =VISIT_DIMENSION.PATIENT_NUM) AND (select min(birth_date) + (INTERVAL '23 years')  - (INTERVAL '1 day') from PATIENT_DIMENSION where patient_num =VISIT_DIMENSION.PATIENT_NUM)"		"Visit Details \ Age at visit \ 18-34 years old \ 22 years old"	"@"	"2022-11-26"	"2022-11-26"	"2022-11-26"	"lcp5"				
4	"\ACT\Visit Details\Age at visit\18-34 years old\23 years old\"	"Visit at age 23 years old"	"N"	"LA "	76970	"DEM|AGE:23"		"encounter_num"	"visit_dimension"	"start_date"	"N"	"BETWEEN"	"(select min(birth_date) + (INTERVAL '23 years') from PATIENT_DIMENSION where patient_num =VISIT_DIMENSION.PATIENT_NUM) AND (select min(birth_date) + (INTERVAL '24 years')  - (INTERVAL '1 day') from PATIENT_DIMENSION where patient_num =VISIT_DIMENSION.PATIENT_NUM)"		"Visit Details \ Age at visit \ 18-34 years old \ 23 years old"	"@"	"2022-11-26"	"2022-11-26"	"2022-11-26"	"lcp5"				
4	"\ACT\Visit Details\Age at visit\65-74 years old\74 years old\"	"Visit at age 74 years old"	"N"	"LA "	37238	"DEM|AGE:74"		"encounter_num"	"visit_dimension"	"start_date"	"N"	"BETWEEN"	"(select min(birth_date) + (INTERVAL '74 years') from PATIENT_DIMENSION where patient_num =VISIT_DIMENSION.PATIENT_NUM) AND (select min(birth_date) + (INTERVAL '75 years')  - (INTERVAL '1 day') from PATIENT_DIMENSION where patient_num =VISIT_DIMENSION.PATIENT_NUM)"		"Visit Details \ Age at visit \ 65-74 years old \ 74 years old"	"@"	"2022-11-26"	"2022-11-26"	"2022-11-26"	"lcp5"				
3	"\ACT\Visit Details\Age at visit\75-84 years old\"	"Visit at ages 75-84 years old"	"N"	"FA "	94802			"encounter_num"	"visit_dimension"	"start_date"	"N"	"BETWEEN"	"(select min(birth_date) + (INTERVAL '75 years') from PATIENT_DIMENSION where patient_num =VISIT_DIMENSION.PATIENT_NUM) AND (select min(birth_date) + (INTERVAL '85 years')  - (INTERVAL '1 day') from PATIENT_DIMENSION where patient_num =VISIT_DIMENSION.PATIENT_NUM)"		"Visit Details \ Age at visit \ 75-84 years old"	"@"	"2022-11-26"	"2022-11-26"	"2022-11-26"	"lcp5"				
4	"\ACT\Visit Details\Age at visit\75-84 years old\75 years old\"	"Visit at age 75 years old"	"N"	"LA "	35037	"DEM|AGE:75"		"encounter_num"	"visit_dimension"	"start_date"	"N"	"BETWEEN"	"(select min(birth_date) + (INTERVAL '75 years') from PATIENT_DIMENSION where patient_num =VISIT_DIMENSION.PATIENT_NUM) AND (select min(birth_date) + (INTERVAL '76 years')  - (INTERVAL '1 day') from PATIENT_DIMENSION where patient_num =VISIT_DIMENSION.PATIENT_NUM)"		"Visit Details \ Age at visit \ 75-84 years old \ 75 years old"	"@"	"2022-11-26"	"2022-11-26"	"2022-11-26"	"lcp5"				
4	"\ACT\Visit Details\Age at visit\75-84 years old\76 years old\"	"Visit at age 76 years old"	"N"	"LA "	32457	"DEM|AGE:76"		"encounter_num"	"visit_dimension"	"start_date"	"N"	"BETWEEN"	"(select min(birth_date) + (INTERVAL '76 years') from PATIENT_DIMENSION where patient_num =VISIT_DIMENSION.PATIENT_NUM) AND (select min(birth_date) + (INTERVAL '77 years')  - (INTERVAL '1 day') from PATIENT_DIMENSION where patient_num =VISIT_DIMENSION.PATIENT_NUM)"		"Visit Details \ Age at visit \ 75-84 years old \ 76 years old"	"@"	"2022-11-26"	"2022-11-26"	"2022-11-26"	"lcp5"				
4	"\ACT\Visit Details\Age at visit\75-84 years old\77 years old\"	"Visit at age 77 years old"	"N"	"LA "	30748	"DEM|AGE:77"		"encounter_num"	"visit_dimension"	"start_date"	"N"	"BETWEEN"	"(select min(birth_date) + (INTERVAL '77 years') from PATIENT_DIMENSION where patient_num =VISIT_DIMENSION.PATIENT_NUM) AND (select min(birth_date) + (INTERVAL '78 years')  - (INTERVAL '1 day') from PATIENT_DIMENSION where patient_num =VISIT_DIMENSION.PATIENT_NUM)"		"Visit Details \ Age at visit \ 75-84 years old \ 77 years old"	"@"	"2022-11-26"	"2022-11-26"	"2022-11-26"	"lcp5"				
4	"\ACT\Visit Details\Age at visit\75-84 years old\78 years old\"	"Visit at age 78 years old"	"N"	"LA "	29187	"DEM|AGE:78"		"encounter_num"	"visit_dimension"	"start_date"	"N"	"BETWEEN"	"(select min(birth_date) + (INTERVAL '78 years') from PATIENT_DIMENSION where patient_num =VISIT_DIMENSION.PATIENT_NUM) AND (select min(birth_date) + (INTERVAL '79 years')  - (INTERVAL '1 day') from PATIENT_DIMENSION where patient_num =VISIT_DIMENSION.PATIENT_NUM)"		"Visit Details \ Age at visit \ 75-84 years old \ 78 years old"	"@"	"2022-11-26"	"2022-11-26"	"2022-11-26"	"lcp5"				
4	"\ACT\Visit Details\Age at visit\75-84 years old\79 years old\"	"Visit at age 79 years old"	"N"	"LA "	27387	"DEM|AGE:79"		"encounter_num"	"visit_dimension"	"start_date"	"N"	"BETWEEN"	"(select min(birth_date) + (INTERVAL '79 years') from PATIENT_DIMENSION where patient_num =VISIT_DIMENSION.PATIENT_NUM) AND (select min(birth_date) + (INTERVAL '80 years')  - (INTERVAL '1 day') from PATIENT_DIMENSION where patient_num =VISIT_DIMENSION.PATIENT_NUM)"		"Visit Details \ Age at visit \ 75-84 years old \ 79 years old"	"@"	"2022-11-26"	"2022-11-26"	"2022-11-26"	"lcp5"				
4	"\ACT\Visit Details\Age at visit\75-84 years old\80 years old\"	"Visit at age 80 years old"	"N"	"LA "	25316	"DEM|AGE:80"		"encounter_num"	"visit_dimension"	"start_date"	"N"	"BETWEEN"	"(select min(birth_date) + (INTERVAL '80 years') from PATIENT_DIMENSION where patient_num =VISIT_DIMENSION.PATIENT_NUM) AND (select min(birth_date) + (INTERVAL '81 years')  - (INTERVAL '1 day') from PATIENT_DIMENSION where patient_num =VISIT_DIMENSION.PATIENT_NUM)"		"Visit Details \ Age at visit \ 75-84 years old \ 80 years old"	"@"	"2022-11-26"	"2022-11-26"	"2022-11-26"	"lcp5"				
4	"\ACT\Visit Details\Age at visit\75-84 years old\81 years old\"	"Visit at age 81 years old"	"N"	"LA "	23616	"DEM|AGE:81"		"encounter_num"	"visit_dimension"	"start_date"	"N"	"BETWEEN"	"(select min(birth_date) + (INTERVAL '81 years') from PATIENT_DIMENSION where patient_num =VISIT_DIMENSION.PATIENT_NUM) AND (select min(birth_date) + (INTERVAL '82 years')  - (INTERVAL '1 day') from PATIENT_DIMENSION where patient_num =VISIT_DIMENSION.PATIENT_NUM)"		"Visit Details \ Age at visit \ 75-84 years old \ 81 years old"	"@"	"2022-11-26"	"2022-11-26"	"2022-11-26"	"lcp5"				
4	"\ACT\Visit Details\Age at visit\75-84 years old\82 years old\"	"Visit at age 82 years old"	"N"	"LA "	21356	"DEM|AGE:82"		"encounter_num"	"visit_dimension"	"start_date"	"N"	"BETWEEN"	"(select min(birth_date) + (INTERVAL '82 years') from PATIENT_DIMENSION where patient_num =VISIT_DIMENSION.PATIENT_NUM) AND (select min(birth_date) + (INTERVAL '83 years')  - (INTERVAL '1 day') from PATIENT_DIMENSION where patient_num =VISIT_DIMENSION.PATIENT_NUM)"		"Visit Details \ Age at visit \ 75-84 years old \ 82 years old"	"@"	"2022-11-26"	"2022-11-26"	"2022-11-26"	"lcp5"				
4	"\ACT\Visit Details\Age at visit\75-84 years old\83 years old\"	"Visit at age 83 years old"	"N"	"LA "	19696	"DEM|AGE:83"		"encounter_num"	"visit_dimension"	"start_date"	"N"	"BETWEEN"	"(select min(birth_date) + (INTERVAL '83 years') from PATIENT_DIMENSION where patient_num =VISIT_DIMENSION.PATIENT_NUM) AND (select min(birth_date) + (INTERVAL '84 years')  - (INTERVAL '1 day') from PATIENT_DIMENSION where patient_num =VISIT_DIMENSION.PATIENT_NUM)"		"Visit Details \ Age at visit \ 75-84 years old \ 83 years old"	"@"	"2022-11-26"	"2022-11-26"	"2022-11-26"	"lcp5"				
4	"\ACT\Visit Details\Age at visit\18-34 years old\27 years old\"	"Visit at age 27 years old"	"N"	"LA "	59954	"DEM|AGE:27"		"encounter_num"	"visit_dimension"	"start_date"	"N"	"BETWEEN"	"(select min(birth_date) + (INTERVAL '27 years') from PATIENT_DIMENSION where patient_num =VISIT_DIMENSION.PATIENT_NUM) AND (select min(birth_date) + (INTERVAL '28 years')  - (INTERVAL '1 day') from PATIENT_DIMENSION where patient_num =VISIT_DIMENSION.PATIENT_NUM)"		"Visit Details \ Age at visit \ 18-34 years old \ 27 years old"	"@"	"2022-11-26"	"2022-11-26"	"2022-11-26"	"lcp5"				
4	"\ACT\Visit Details\Age at visit\18-34 years old\28 years old\"	"Visit at age 28 years old"	"N"	"LA "	59293	"DEM|AGE:28"		"encounter_num"	"visit_dimension"	"start_date"	"N"	"BETWEEN"	"(select min(birth_date) + (INTERVAL '28 years') from PATIENT_DIMENSION where patient_num =VISIT_DIMENSION.PATIENT_NUM) AND (select min(birth_date) + (INTERVAL '29 years')  - (INTERVAL '1 day') from PATIENT_DIMENSION where patient_num =VISIT_DIMENSION.PATIENT_NUM)"		"Visit Details \ Age at visit \ 18-34 years old \ 28 years old"	"@"	"2022-11-26"	"2022-11-26"	"2022-11-26"	"lcp5"				
4	"\ACT\Visit Details\Age at visit\18-34 years old\29 years old\"	"Visit at age 29 years old"	"N"	"LA "	58670	"DEM|AGE:29"		"encounter_num"	"visit_dimension"	"start_date"	"N"	"BETWEEN"	"(select min(birth_date) + (INTERVAL '29 years') from PATIENT_DIMENSION where patient_num =VISIT_DIMENSION.PATIENT_NUM) AND (select min(birth_date) + (INTERVAL '30 years')  - (INTERVAL '1 day') from PATIENT_DIMENSION where patient_num =VISIT_DIMENSION.PATIENT_NUM)"		"Visit Details \ Age at visit \ 18-34 years old \ 29 years old"	"@"	"2022-11-26"	"2022-11-26"	"2022-11-26"	"lcp5"				
4	"\ACT\Visit Details\Age at visit\18-34 years old\30 years old\"	"Visit at age 30 years old"	"N"	"LA "	58297	"DEM|AGE:30"		"encounter_num"	"visit_dimension"	"start_date"	"N"	"BETWEEN"	"(select min(birth_date) + (INTERVAL '30 years') from PATIENT_DIMENSION where patient_num =VISIT_DIMENSION.PATIENT_NUM) AND (select min(birth_date) + (INTERVAL '31 years')  - (INTERVAL '1 day') from PATIENT_DIMENSION where patient_num =VISIT_DIMENSION.PATIENT_NUM)"		"Visit Details \ Age at visit \ 18-34 years old \ 30 years old"	"@"	"2022-11-26"	"2022-11-26"	"2022-11-26"	"lcp5"				
4	"\ACT\Visit Details\Age at visit\18-34 years old\31 years old\"	"Visit at age 31 years old"	"N"	"LA "	57582	"DEM|AGE:31"		"encounter_num"	"visit_dimension"	"start_date"	"N"	"BETWEEN"	"(select min(birth_date) + (INTERVAL '31 years') from PATIENT_DIMENSION where patient_num =VISIT_DIMENSION.PATIENT_NUM) AND (select min(birth_date) + (INTERVAL '32 years')  - (INTERVAL '1 day') from PATIENT_DIMENSION where patient_num =VISIT_DIMENSION.PATIENT_NUM)"		"Visit Details \ Age at visit \ 18-34 years old \ 31 years old"	"@"	"2022-11-26"	"2022-11-26"	"2022-11-26"	"lcp5"				
5	"\ACT\Visit Details\Age at visit\0-9 years old\1 years old\16 months\"	"Visit at age 16 months"	"N"	"LA "	17362	"DEM|AGE:1.4"		"encounter_num"	"visit_dimension"	"start_date"	"N"	"BETWEEN"	"(select min(birth_date) + (INTERVAL '16 months') from PATIENT_DIMENSION where patient_num =VISIT_DIMENSION.PATIENT_NUM) AND (select min(birth_date) + (INTERVAL '17 months')  - (INTERVAL '1 day') from PATIENT_DIMENSION where patient_num =VISIT_DIMENSION.PATIENT_NUM)"		"Visit Details \ Age at visit \ \ 04 months \"	"@"	"2022-11-26"	"2022-11-26"	"2022-11-26"					
5	"\ACT\Visit Details\Age at visit\0-9 years old\1 years old\17 months\"	"Visit at age 17 months"	"N"	"LA "	15571	"DEM|AGE:1.5"		"encounter_num"	"visit_dimension"	"start_date"	"N"	"BETWEEN"	"(select min(birth_date) + (INTERVAL '17 months') from PATIENT_DIMENSION where patient_num =VISIT_DIMENSION.PATIENT_NUM) AND (select min(birth_date) + (INTERVAL '18 months')  - (INTERVAL '1 day') from PATIENT_DIMENSION where patient_num =VISIT_DIMENSION.PATIENT_NUM)"		"Visit Details \ Age at visit \ \ 05 months \"	"@"	"2022-11-26"	"2022-11-26"	"2022-11-26"					
5	"\ACT\Visit Details\Age at visit\0-9 years old\1 years old\18 months\"	"Visit at age 18 months"	"N"	"LA "	21772	"DEM|AGE:1.6"		"encounter_num"	"visit_dimension"	"start_date"	"N"	"BETWEEN"	"(select min(birth_date) + (INTERVAL '18 months') from PATIENT_DIMENSION where patient_num =VISIT_DIMENSION.PATIENT_NUM) AND (select min(birth_date) + (INTERVAL '19 months')  - (INTERVAL '1 day') from PATIENT_DIMENSION where patient_num =VISIT_DIMENSION.PATIENT_NUM)"		"Visit Details \ Age at visit \ \ 06 months \"	"@"	"2022-11-26"	"2022-11-26"	"2022-11-26"					
5	"\ACT\Visit Details\Age at visit\0-9 years old\1 years old\19 months\"	"Visit at age 19 months"	"N"	"LA "	16465	"DEM|AGE:1.7"		"encounter_num"	"visit_dimension"	"start_date"	"N"	"BETWEEN"	"(select min(birth_date) + (INTERVAL '19 months') from PATIENT_DIMENSION where patient_num =VISIT_DIMENSION.PATIENT_NUM) AND (select min(birth_date) + (INTERVAL '20 months')  - (INTERVAL '1 day') from PATIENT_DIMENSION where patient_num =VISIT_DIMENSION.PATIENT_NUM)"		"Visit Details \ Age at visit \ \ 07 months \"	"@"	"2022-11-26"	"2022-11-26"	"2022-11-26"					
5	"\ACT\Visit Details\Age at visit\0-9 years old\1 years old\20 months\"	"Visit at age 20 months"	"N"	"LA "	14540	"DEM|AGE:1.8"		"encounter_num"	"visit_dimension"	"start_date"	"N"	"BETWEEN"	"(select min(birth_date) + (INTERVAL '20 months') from PATIENT_DIMENSION where patient_num =VISIT_DIMENSION.PATIENT_NUM) AND (select min(birth_date) + (INTERVAL '21 months')  - (INTERVAL '1 day') from PATIENT_DIMENSION where patient_num =VISIT_DIMENSION.PATIENT_NUM)"		"Visit Details \ Age at visit \ \ 08 months \"	"@"	"2022-11-26"	"2022-11-26"	"2022-11-26"					
5	"\ACT\Visit Details\Age at visit\0-9 years old\1 years old\21 months\"	"Visit at age 21 months"	"N"	"LA "	13890	"DEM|AGE:1.9"		"encounter_num"	"visit_dimension"	"start_date"	"N"	"BETWEEN"	"(select min(birth_date) + (INTERVAL '21 months') from PATIENT_DIMENSION where patient_num =VISIT_DIMENSION.PATIENT_NUM) AND (select min(birth_date) + (INTERVAL '22 months')  - (INTERVAL '1 day') from PATIENT_DIMENSION where patient_num =VISIT_DIMENSION.PATIENT_NUM)"		"Visit Details \ Age at visit \ \ 09 months \"	"@"	"2022-11-26"	"2022-11-26"	"2022-11-26"					
5	"\ACT\Visit Details\Age at visit\0-9 years old\1 years old\22 months\"	"Visit at age 22 months"	"N"	"LA "	13258	"DEM|AGE:1.10"		"encounter_num"	"visit_dimension"	"start_date"	"N"	"BETWEEN"	"(select min(birth_date) + (INTERVAL '22 months') from PATIENT_DIMENSION where patient_num =VISIT_DIMENSION.PATIENT_NUM) AND (select min(birth_date) + (INTERVAL '23 months')  - (INTERVAL '1 day') from PATIENT_DIMENSION where patient_num =VISIT_DIMENSION.PATIENT_NUM)"		"Visit Details \ Age at visit \ \ 10 months \"	"@"	"2022-11-26"	"2022-11-26"	"2022-11-26"					
5	"\ACT\Visit Details\Age at visit\0-9 years old\1 years old\23 months\"	"Visit at age 23 months"	"N"	"LA "	13268	"DEM|AGE:1.11"		"encounter_num"	"visit_dimension"	"start_date"	"N"	"BETWEEN"	"(select min(birth_date) + (INTERVAL '23 months') from PATIENT_DIMENSION where patient_num =VISIT_DIMENSION.PATIENT_NUM) AND (select min(birth_date) + (INTERVAL '24 months')  - (INTERVAL '1 day') from PATIENT_DIMENSION where patient_num =VISIT_DIMENSION.PATIENT_NUM)"		"Visit Details \ Age at visit \ \ 11 months \"	"@"	"2022-11-26"	"2022-11-26"	"2022-11-26"					
5	"\ACT\Visit Details\Age at visit\0-9 years old\1 years old\24 months\"	"Visit at age 24 months"	"N"	"LA "	21491	"DEM|AGE:1.12"		"encounter_num"	"visit_dimension"	"start_date"	"N"	"BETWEEN"	"(select min(birth_date) + (INTERVAL '24 months') from PATIENT_DIMENSION where patient_num =VISIT_DIMENSION.PATIENT_NUM) AND (select min(birth_date) + (INTERVAL '25 months')  - (INTERVAL '1 day') from PATIENT_DIMENSION where patient_num =VISIT_DIMENSION.PATIENT_NUM)"		"Visit Details \ Age at visit \ \ 12 months \"	"@"	"2022-11-26"	"2022-11-26"	"2022-11-26"					
4	"\ACT\Visit Details\Age at visit\0-9 years old\2 years old\"	"Visit at age 2 years old"	"N"	"FA "	62066	" "		"encounter_num"	"visit_dimension"	"start_date"	"N"	"BETWEEN"	"(select min(birth_date) + (INTERVAL '2 years') from PATIENT_DIMENSION where patient_num =VISIT_DIMENSION.PATIENT_NUM) AND (select min(birth_date) + (INTERVAL '3 years')  - (INTERVAL '1 day') from PATIENT_DIMENSION where patient_num =VISIT_DIMENSION.PATIENT_NUM)"		"Visit Details \ Age at visit \"	"@"	"2022-11-26"	"2022-11-26"	"2022-11-26"					
5	"\ACT\Visit Details\Age at visit\0-9 years old\2 years old\25 months\"	"Visit at age 25 months"	"N"	"LA "	71048	"DEM|AGE:2.1"		"encounter_num"	"visit_dimension"	"start_date"	"N"	"BETWEEN"	"(select min(birth_date) + (INTERVAL '13 months') from PATIENT_DIMENSION where patient_num =VISIT_DIMENSION.PATIENT_NUM) AND (select min(birth_date) + (INTERVAL '26 months')  - (INTERVAL '1 day') from PATIENT_DIMENSION where patient_num =VISIT_DIMENSION.PATIENT_NUM)"		"Visit Details \ Age at visit \ \ 01 months \"	"@"	"2022-11-26"	"2022-11-26"	"2022-11-26"					
5	"\ACT\Visit Details\Age at visit\0-9 years old\2 years old\26 months\"	"Visit at age 26 months"	"N"	"LA "	70338	"DEM|AGE:2.2"		"encounter_num"	"visit_dimension"	"start_date"	"N"	"BETWEEN"	"(select min(birth_date) + (INTERVAL '14 months') from PATIENT_DIMENSION where patient_num =VISIT_DIMENSION.PATIENT_NUM) AND (select min(birth_date) + (INTERVAL '27 months')  - (INTERVAL '1 day') from PATIENT_DIMENSION where patient_num =VISIT_DIMENSION.PATIENT_NUM)"		"Visit Details \ Age at visit \ \ 02 months \"	"@"	"2022-11-26"	"2022-11-26"	"2022-11-26"					
5	"\ACT\Visit Details\Age at visit\0-9 years old\2 years old\27 months\"	"Visit at age 27 months"	"N"	"LA "	69598	"DEM|AGE:2.3"		"encounter_num"	"visit_dimension"	"start_date"	"N"	"BETWEEN"	"(select min(birth_date) + (INTERVAL '15 months') from PATIENT_DIMENSION where patient_num =VISIT_DIMENSION.PATIENT_NUM) AND (select min(birth_date) + (INTERVAL '28 months')  - (INTERVAL '1 day') from PATIENT_DIMENSION where patient_num =VISIT_DIMENSION.PATIENT_NUM)"		"Visit Details \ Age at visit \ \ 03 months \"	"@"	"2022-11-26"	"2022-11-26"	"2022-11-26"					
5	"\ACT\Visit Details\Age at visit\0-9 years old\2 years old\28 months\"	"Visit at age 28 months"	"N"	"LA "	68489	"DEM|AGE:2.4"		"encounter_num"	"visit_dimension"	"start_date"	"N"	"BETWEEN"	"(select min(birth_date) + (INTERVAL '16 months') from PATIENT_DIMENSION where patient_num =VISIT_DIMENSION.PATIENT_NUM) AND (select min(birth_date) + (INTERVAL '29 months')  - (INTERVAL '1 day') from PATIENT_DIMENSION where patient_num =VISIT_DIMENSION.PATIENT_NUM)"		"Visit Details \ Age at visit \ \ 04 months \"	"@"	"2022-11-26"	"2022-11-26"	"2022-11-26"					
5	"\ACT\Visit Details\Age at visit\0-9 years old\2 years old\29 months\"	"Visit at age 29 months"	"N"	"LA "	67753	"DEM|AGE:2.5"		"encounter_num"	"visit_dimension"	"start_date"	"N"	"BETWEEN"	"(select min(birth_date) + (INTERVAL '17 months') from PATIENT_DIMENSION where patient_num =VISIT_DIMENSION.PATIENT_NUM) AND (select min(birth_date) + (INTERVAL '30 months')  - (INTERVAL '1 day') from PATIENT_DIMENSION where patient_num =VISIT_DIMENSION.PATIENT_NUM)"		"Visit Details \ Age at visit \ \ 05 months \"	"@"	"2022-11-26"	"2022-11-26"	"2022-11-26"					
5	"\ACT\Visit Details\Age at visit\0-9 years old\2 years old\30 months\"	"Visit at age 30 months"	"N"	"LA "	67262	"DEM|AGE:2.6"		"encounter_num"	"visit_dimension"	"start_date"	"N"	"BETWEEN"	"(select min(birth_date) + (INTERVAL '18 months') from PATIENT_DIMENSION where patient_num =VISIT_DIMENSION.PATIENT_NUM) AND (select min(birth_date) + (INTERVAL '31 months')  - (INTERVAL '1 day') from PATIENT_DIMENSION where patient_num =VISIT_DIMENSION.PATIENT_NUM)"		"Visit Details \ Age at visit \ \ 06 months \"	"@"	"2022-11-26"	"2022-11-26"	"2022-11-26"					
5	"\ACT\Visit Details\Age at visit\0-9 years old\2 years old\31 months\"	"Visit at age 31 months"	"N"	"LA "	66274	"DEM|AGE:2.7"		"encounter_num"	"visit_dimension"	"start_date"	"N"	"BETWEEN"	"(select min(birth_date) + (INTERVAL '19 months') from PATIENT_DIMENSION where patient_num =VISIT_DIMENSION.PATIENT_NUM) AND (select min(birth_date) + (INTERVAL '32 months')  - (INTERVAL '1 day') from PATIENT_DIMENSION where patient_num =VISIT_DIMENSION.PATIENT_NUM)"		"Visit Details \ Age at visit \ \ 07 months \"	"@"	"2022-11-26"	"2022-11-26"	"2022-11-26"					
5	"\ACT\Visit Details\Age at visit\0-9 years old\2 years old\32 months\"	"Visit at age 32 months"	"N"	"LA "	65509	"DEM|AGE:2.8"		"encounter_num"	"visit_dimension"	"start_date"	"N"	"BETWEEN"	"(select min(birth_date) + (INTERVAL '20 months') from PATIENT_DIMENSION where patient_num =VISIT_DIMENSION.PATIENT_NUM) AND (select min(birth_date) + (INTERVAL '33 months')  - (INTERVAL '1 day') from PATIENT_DIMENSION where patient_num =VISIT_DIMENSION.PATIENT_NUM)"		"Visit Details \ Age at visit \ \ 08 months \"	"@"	"2022-11-26"	"2022-11-26"	"2022-11-26"					
5	"\ACT\Visit Details\Age at visit\0-9 years old\2 years old\33 months\"	"Visit at age 33 months"	"N"	"LA "	65021	"DEM|AGE:2.9"		"encounter_num"	"visit_dimension"	"start_date"	"N"	"BETWEEN"	"(select min(birth_date) + (INTERVAL '21 months') from PATIENT_DIMENSION where patient_num =VISIT_DIMENSION.PATIENT_NUM) AND (select min(birth_date) + (INTERVAL '34 months')  - (INTERVAL '1 day') from PATIENT_DIMENSION where patient_num =VISIT_DIMENSION.PATIENT_NUM)"		"Visit Details \ Age at visit \ \ 09 months \"	"@"	"2022-11-26"	"2022-11-26"	"2022-11-26"					
5	"\ACT\Visit Details\Age at visit\0-9 years old\2 years old\34 months\"	"Visit at age 34 months"	"N"	"LA "	64676	"DEM|AGE:2.10"		"encounter_num"	"visit_dimension"	"start_date"	"N"	"BETWEEN"	"(select min(birth_date) + (INTERVAL '22 months') from PATIENT_DIMENSION where patient_num =VISIT_DIMENSION.PATIENT_NUM) AND (select min(birth_date) + (INTERVAL '35 months')  - (INTERVAL '1 day') from PATIENT_DIMENSION where patient_num =VISIT_DIMENSION.PATIENT_NUM)"		"Visit Details \ Age at visit \ \ 10 months \"	"@"	"2022-11-26"	"2022-11-26"	"2022-11-26"					
5	"\ACT\Visit Details\Age at visit\0-9 years old\2 years old\35 months\"	"Visit at age 35 months"	"N"	"LA "	64543	"DEM|AGE:2.11"		"encounter_num"	"visit_dimension"	"start_date"	"N"	"BETWEEN"	"(select min(birth_date) + (INTERVAL '23 months') from PATIENT_DIMENSION where patient_num =VISIT_DIMENSION.PATIENT_NUM) AND (select min(birth_date) + (INTERVAL '36 months')  - (INTERVAL '1 day') from PATIENT_DIMENSION where patient_num =VISIT_DIMENSION.PATIENT_NUM)"		"Visit Details \ Age at visit \ \ 11 months \"	"@"	"2022-11-26"	"2022-11-26"	"2022-11-26"					
5	"\ACT\Visit Details\Age at visit\0-9 years old\2 years old\36 months\"	"Visit at age 36 months"	"N"	"LA "	64550	"DEM|AGE:2.12"		"encounter_num"	"visit_dimension"	"start_date"	"N"	"BETWEEN"	"(select min(birth_date) + (INTERVAL '24 months') from PATIENT_DIMENSION where patient_num =VISIT_DIMENSION.PATIENT_NUM) AND (select min(birth_date) + (INTERVAL '37 months')  - (INTERVAL '1 day') from PATIENT_DIMENSION where patient_num =VISIT_DIMENSION.PATIENT_NUM)"		"Visit Details \ Age at visit \ \ 12 months \"	"@"	"2022-11-26"	"2022-11-26"	"2022-11-26"					
4	"\ACT\Visit Details\Age at visit\0-9 years old\3 years old\"	"Visit at age 3 years old"	"N"	"LA "	58287	"DEM|AGE:3"		"encounter_num"	"visit_dimension"	"start_date"	"N"	"BETWEEN"	"(select min(birth_date) + (INTERVAL '3 years') from PATIENT_DIMENSION where patient_num =VISIT_DIMENSION.PATIENT_NUM) AND (select min(birth_date) + (INTERVAL '4 years')  - (INTERVAL '1 day') from PATIENT_DIMENSION where patient_num =VISIT_DIMENSION.PATIENT_NUM)"		"Visit Details \ Age at visit \ 0-9 years old \ 3 years old"	"@"	"2022-11-26"	"2022-11-26"	"2022-11-26"	"lcp5"				
4	"\ACT\Visit Details\Age at visit\0-9 years old\4 years old\"	"Visit at age 4 years old"	"N"	"LA "	55996	"DEM|AGE:4"		"encounter_num"	"visit_dimension"	"start_date"	"N"	"BETWEEN"	"(select min(birth_date) + (INTERVAL '4 years') from PATIENT_DIMENSION where patient_num =VISIT_DIMENSION.PATIENT_NUM) AND (select min(birth_date) + (INTERVAL '5 years')  - (INTERVAL '1 day') from PATIENT_DIMENSION where patient_num =VISIT_DIMENSION.PATIENT_NUM)"		"Visit Details \ Age at visit \ 0-9 years old \ 4 years old"	"@"	"2022-11-26"	"2022-11-26"	"2022-11-26"	"lcp5"				
4	"\ACT\Visit Details\Age at visit\0-9 years old\5 years old\"	"Visit at age 5 years old"	"N"	"LA "	55676	"DEM|AGE:5"		"encounter_num"	"visit_dimension"	"start_date"	"N"	"BETWEEN"	"(select min(birth_date) + (INTERVAL '5 years') from PATIENT_DIMENSION where patient_num =VISIT_DIMENSION.PATIENT_NUM) AND (select min(birth_date) + (INTERVAL '6 years')  - (INTERVAL '1 day') from PATIENT_DIMENSION where patient_num =VISIT_DIMENSION.PATIENT_NUM)"		"Visit Details \ Age at visit \ 0-9 years old \ 5 years old"	"@"	"2022-11-26"	"2022-11-26"	"2022-11-26"	"lcp5"				
4	"\ACT\Visit Details\Age at visit\0-9 years old\6 years old\"	"Visit at age 6 years old"	"N"	"LA "	52766	"DEM|AGE:6"		"encounter_num"	"visit_dimension"	"start_date"	"N"	"BETWEEN"	"(select min(birth_date) + (INTERVAL '6 years') from PATIENT_DIMENSION where patient_num =VISIT_DIMENSION.PATIENT_NUM) AND (select min(birth_date) + (INTERVAL '7 years')  - (INTERVAL '1 day') from PATIENT_DIMENSION where patient_num =VISIT_DIMENSION.PATIENT_NUM)"		"Visit Details \ Age at visit \ 0-9 years old \ 6 years old"	"@"	"2022-11-26"	"2022-11-26"	"2022-11-26"	"lcp5"				
4	"\ACT\Visit Details\Age at visit\0-9 years old\7 years old\"	"Visit at age 7 years old"	"N"	"LA "	50646	"DEM|AGE:7"		"encounter_num"	"visit_dimension"	"start_date"	"N"	"BETWEEN"	"(select min(birth_date) + (INTERVAL '7 years') from PATIENT_DIMENSION where patient_num =VISIT_DIMENSION.PATIENT_NUM) AND (select min(birth_date) + (INTERVAL '8 years')  - (INTERVAL '1 day') from PATIENT_DIMENSION where patient_num =VISIT_DIMENSION.PATIENT_NUM)"		"Visit Details \ Age at visit \ 0-9 years old \ 7 years old"	"@"	"2022-11-26"	"2022-11-26"	"2022-11-26"	"lcp5"				
3	"\ACT\Visit Details\Age at visit\0-9 years old\"	"Visit at age 9 or less"	"N"	"FA "	216776			"encounter_num"	"visit_dimension"	"start_date"	"N"	"BETWEEN"	"(select min(birth_date) + (INTERVAL '0 months') from PATIENT_DIMENSION where patient_num =VISIT_DIMENSION.PATIENT_NUM) AND (select min(birth_date) + (INTERVAL '10 years')  - (INTERVAL '1 day') from PATIENT_DIMENSION where patient_num =VISIT_DIMENSION.PATIENT_NUM)"		"Visit Details \ Age at visit \ 0-9 years old"	"@"	"2022-11-26"	"2022-11-26"	"2022-11-26"	"lcp5"				
4	"\ACT\Visit Details\Age at visit\0-9 years old\0 years old\"	"Visit at age 0 years old"	"N"	"FA "	83405	" "		"encounter_num"	"visit_dimension"	"start_date"	"N"	"BETWEEN"	"(select min(birth_date) + (INTERVAL '0 months') from PATIENT_DIMENSION where patient_num =VISIT_DIMENSION.PATIENT_NUM) AND (select min(birth_date) + (INTERVAL '12 months')  - (INTERVAL '1 day') from PATIENT_DIMENSION where patient_num =VISIT_DIMENSION.PATIENT_NUM)"		"Visit Details \ Age at visit \"	"@"	"2022-11-26"	"2022-11-26"	"2022-11-26"					
5	"\ACT\Visit Details\Age at visit\0-9 years old\0 years old\01 months\"	"Visit at age 01 months"	"N"	"LA "	26077	"DEM|AGE:0.1"		"encounter_num"	"visit_dimension"	"start_date"	"N"	"BETWEEN"	"(select min(birth_date) + (INTERVAL '1 months') from PATIENT_DIMENSION where patient_num =VISIT_DIMENSION.PATIENT_NUM) AND (select min(birth_date) + (INTERVAL '2 months')  - (INTERVAL '1 day') from PATIENT_DIMENSION where patient_num =VISIT_DIMENSION.PATIENT_NUM)"		"Visit Details \ Age at visit \ \ 01 months \"	"@"	"2022-11-26"	"2022-11-26"	"2022-11-26"					
5	"\ACT\Visit Details\Age at visit\0-9 years old\0 years old\02 months\"	"Visit at age 02 months"	"N"	"LA "	30310	"DEM|AGE:0.2"		"encounter_num"	"visit_dimension"	"start_date"	"N"	"BETWEEN"	"(select min(birth_date) + (INTERVAL '2 months') from PATIENT_DIMENSION where patient_num =VISIT_DIMENSION.PATIENT_NUM) AND (select min(birth_date) + (INTERVAL '3 months')  - (INTERVAL '1 day') from PATIENT_DIMENSION where patient_num =VISIT_DIMENSION.PATIENT_NUM)"		"Visit Details \ Age at visit \ \ 02 months \"	"@"	"2022-11-26"	"2022-11-26"	"2022-11-26"					
5	"\ACT\Visit Details\Age at visit\0-9 years old\0 years old\03 months\"	"Visit at age 03 months"	"N"	"LA "	19340	"DEM|AGE:0.3"		"encounter_num"	"visit_dimension"	"start_date"	"N"	"BETWEEN"	"(select min(birth_date) + (INTERVAL '3 months') from PATIENT_DIMENSION where patient_num =VISIT_DIMENSION.PATIENT_NUM) AND (select min(birth_date) + (INTERVAL '4 months')  - (INTERVAL '1 day') from PATIENT_DIMENSION where patient_num =VISIT_DIMENSION.PATIENT_NUM)"		"Visit Details \ Age at visit \ \ 03 months \"	"@"	"2022-11-26"	"2022-11-26"	"2022-11-26"					
