"C_TABLE_CD"	"C_TABLE_NAME"	"C_PROTECTED_ACCESS"	"C_ONTOLOGY_PROTECTION"	"C_HLEVEL"	"C_FULLNAME"	"C_NAME"	"C_SYNONYM_CD"	"C_VISUALATTRIBUTES"	"C_TOTALNUM"	"C_BASECODE"	"C_METADATAXML"	"C_FACTTABLECOLUMN"	"C_DIMTABLENAME"	"C_COLUMNNAME"	"C_COLUMNDATATYPE"	"C_OPERATOR"	"C_DIMCODE"	"C_COMMENT"	"C_TOOLTIP"	"C_ENTRY_DATE"	"C_CHANGE_DATE"	"C_STATUS_CD"	"VALUETYPE_CD"
"ACT_LAB_LOINC_2018"	"ACT_LOINC_LAB_PROV_V4"	"N"		1	"\ACT\Lab\LOINC\V2_2018AA\A6321000\A23478825\A28298479\"	"ACT Laboratory Tests (Provisional)"	"N"	"FA"	560905			"lab_fact.concept_cd"	"concept_dimension"	"concept_path"	"T"	"LIKE"	"\ACT\Lab\LOINC\V2_2018AA\A6321000\A23478825\A28298479\"		"ACT Lab LOINC (Full List)"	"0021-05-01 00:00:00"			
"ACT_DX_ICD10_2018"	"ACT_ICD10CM_DX_V4"	"N"		1	"\ACT\Diagnosis\ICD10\V2_2018AA\A20098492\"	"ACT Diagnoses ICD-10-CM"	"N"	"FA"	726704			"diagnosis_fact.concept_cd"	"concept_dimension"	"concept_path"	"T"	"LIKE"	"\ACT\Diagnosis\ICD10\V2_2018AA\A20098492\"		"ACT Diagnoses ICD-10"	"0021-05-01 00:00:00"			
"ACT_PX_HCPCS_2018"	"ACT_HCPCS_PX_V4"	"N"		1	"\ACT\Procedures\HCPCS\V2_2018AA\A13475665\"	"ACT Procedures HCPCS"	"N"	"FA"	1401			"procedure_fact.concept_cd"	"concept_dimension"	"concept_path"	"T"	"LIKE"	"\ACT\Procedures\HCPCS\V2_2018AA\A13475665\"		"ACT Procedures HCPCS"	"0021-05-01 00:00:00"			
"ACT_PX_ICD10_2018"	"ACT_ICD10PCS_PX_V4"	"N"		1	"\ACT\Procedures\ICD10\V2_2018AA\A16077350\"	"ACT Procedures ICD-10-PCS"	"N"	"FA"	90163			"procedure_fact.concept_cd"	"concept_dimension"	"concept_path"	"T"	"LIKE"	"\ACT\Procedures\ICD10\V2_2018AA\A16077350\"		"ACT Procedures ICD10"	"0021-05-01 00:00:00"			
"ACT_SDOH"	"ACT_SDOH_V4"	"N"		1	"\ACT\SDOH\"	"ACT Social Determinants of Health"	"N"	"CA"	1223013			"concept_cd"	"concept_dimension"	"concept_path"	"T"	"LIKE"	"\ACT\SDOH\"		"ACT Demographics"	"0021-05-01 00:00:00"			
"ACT_MED_VA_2018"	"ACT_MED_VA_V4"	"N"		1	"\ACT\Medications\MedicationsByVaClass\V2_09302018\VA000\"	"ACT Medications VA Classes"	"N"	"FA"	861933			"prescribing_fact.concept_cd"	"concept_dimension"	"concept_path"	"T"	"LIKE"	"\ACT\Medications\MedicationsByVaClass\V2_09302018\VA000\"		"ACT Medications"	"0021-05-01 00:00:00"			
"ACT_PX_CPT_2018"	"ACT_CPT4_PX_V4"	"N"		1	"\ACT\Procedures\CPT4\V2_2018AA\A23576389\"	"ACT Procedures CPT-4"	"N"	"FA"	966385			"procedure_fact.concept_cd"	"concept_dimension"	"concept_path"	"T"	"LIKE"	"\ACT\Procedures\CPT4\V2_2018AA\A23576389\"		"ACT Diagnoses ICD9"	"0021-05-01 00:00:00"			
"ACT_VISIT"	"ACT_VISIT_DETAILS_V4"	"N"		1	"\ACT\Visit Details\"	"ACT Visit Details"	"N"	"CA"	1223013			"demographic_fact.concept_cd"	"concept_dimension"	"concept_path"	"T"	"LIKE"	"\ACT\Visit Details\"		"ACT Visit Details"	"0021-05-01 00:00:00"			
"ACT_DEMO"	"ACT_DEM_V4"	"N"		1	"\ACT\Demographics\"	"ACT Demographics"	"N"	"CA"	2153187			"demographic_fact.concept_cd"	"concept_dimension"	"concept_path"	"T"	"LIKE"	"\ACT\Demographics\"		"ACT Demographics"	"0021-05-01 00:00:00"			
"ACT_PX_ICD9_2018"	"ACT_ICD9CM_PX_V4"	"N"		1	"\ACT\Procedures\ICD9\V2_2018AA\A18090800\A8352133\"	"ACT Procedures ICD-9-Proc"	"N"	"FA"	321736			"procedure_fact.concept_cd"	"concept_dimension"	"concept_path"	"T"	"LIKE"	"\ACT\Procedures\ICD9\V2_2018AA\A18090800\A8352133\"		"ACT Procedures ICD9"	"0021-05-01 00:00:00"			
"ACT_COVID_V1"	"ACT_COVID_V4"	"N"		1	"\ACT\UMLS_C0031437\SNOMED_3947185011\"	"ACT COVID-19"	"N"	"CA"	851030			"concept_cd"	"concept_dimension"	"concept_path"	"T"	"LIKE"	"\ACT\UMLS_C0031437\SNOMED_3947185011\"		"ACT COVID-19"	"0021-05-01 00:00:00"			
"ACT_LAB"	"ACT_LOINC_LAB_V4"	"N"		1	"\ACT\Labs\"	"ACT Laboratory Tests"	"N"	"CA"	502721			"lab_fact.concept_cd"	"concept_dimension"	"concept_path"	"T"	"LIKE"	"\ACT\Labs\"		"ACT Laboratory Tests"	"0021-05-01 00:00:00"			
"ACT_DX_10_9"	"ACT_ICD10_ICD9_DX_V4"	"N"		1	"\Diagnoses\"	"ACT Diagnoses ICD10-ICD9"	"N"	"FA"	1131251			"diagnosis_fact.concept_cd"	"concept_dimension"	"concept_path"	"T"	"LIKE"	"\Diagnoses\"		"ACT Diagnoses ICD10/9 Integrated"	"0021-05-01 00:00:00"			
"ACT_DX_ICD9_2018"	"ACT_ICD9CM_DX_V4"	"N"		1	"\ACT\Diagnosis\ICD9\V2_2018AA\A18090800\"	"ACT Diagnoses ICD-9-CM"	"N"	"FA"	813401			"diagnosis_fact.concept_cd"	"concept_dimension"	"concept_path"	"T"	"LIKE"	"\ACT\Diagnosis\ICD9\V2_2018AA\A18090800\"		"ACT Diagnoses ICD-9CM"	"0021-05-01 00:00:00"			
"ACT_VITAL_SIGNS"	"ACT_VITAL_SIGNS_V4"	"N"		1	"\ACT\Vital Signs\A31388075\"	"ACT Vital Signs"	"N"	"FA"	949905			"vital_fact.concept_cd"	"concept_dimension"	"concept_path"	"T"	"LIKE"	"\ACT\Vital Signs\A31388075\"		"ACT Demographics"	"0021-05-01 00:00:00"			
"ACT_MED_ALPHA_2018"	"ACT_MED_ALPHA_V4"	"N"		1	"\ACT\Medications\MedicationsByAlpha\V2_12112018\RxNormUMLSRxNav\"	"ACT Medications Alphabetical"	"N"	"FA"	884223			"prescribing_fact.concept_cd"	"concept_dimension"	"concept_path"	"T"	"LIKE"	"\ACT\Medications\MedicationsByAlpha\V2_12112018\RxNormUMLSRxNav\"		"ACT Medications New"	"0021-05-01 00:00:00"			
