"NAME"	"VALUE"	"CREATE_DATE"	"UPDATE_DATE"	"USER_ID"
"PATIENT_GENDER_COUNT_XML"	"\\ACT_DEMO\ACT\Demographics\Sex\"	"2022-11-17 19:34:04"		
"PATIENT_RACE_COUNT_XML"	"\\ACT_DEMO\ACT\Demographics\Race\"	"2022-11-17 19:34:05"		
"PATIENT_VITALSTATUS_COUNT_XML"	"\\ACT_DEMO\ACT\Demographics\Vital Status\"	"2022-11-17 19:34:05"		
"PATIENT_AGE_COUNT_XML"	"\\ACT_DEMO\ACT\Demographics\Age\"	"2022-11-17 19:34:06"		
"PATIENT_LOS_XML"	"select length_of_stay as patient_range, count(distinct a.PATIENT_num) as patient_count from visit_dimension a, DX b where a.patient_num = b.patient_num group by a.length_of_stay order by 1"	"2022-11-17 19:34:06"		
"PATIENT_TOP20MEDS_XML"	"select b.name_char as patient_range, count(distinct a.patient_num) as patient_count from prescribing_fact a, concept_dimension b, DX c where a.concept_cd = b.concept_cd and concept_path like '\\ACT\\Medications\\%' and a.patient_num = c.patient_num   group by name_char order by patient_count desc limit 20"	"2022-11-17 19:34:07"		
"PATIENT_TOP20DIAG_XML"	"select b.name_char as patient_range, count(distinct a.patient_num) as patient_count from diagnosis_fact a, concept_dimension b, DX c where a.concept_cd = b.concept_cd and concept_path like '\\ACT\\Diagnosis\\%' and a.patient_num = c.patient_num   group by name_char order by patient_count desc limit 20"	"2022-11-17 19:34:08"		
"PATIENT_INOUT_XML"	"select INOUT_CD as patient_range, count(distinct a.patient_num) as patient_count from visit_dimension a, DX b where a.patient_num = b.patient_num group by a.INOUT_CD order by 1"	"2022-11-17 19:34:08"		
